#amostra;data;hora;cpu_em_uso;cpu_percent;kb_wr_s;mem_used;mem_free;mem_avaliable;swap_used;reservado_cache_buffer;cached;buffer
1;2020-07-05;20:02:36;6;0.09;1.62;3410212;2706564;3967804;1486080;1896868;1629456;155572
2;2020-07-05;20:02:42;6;0.09;1.63;3410752;2699520;3961176;1486080;1903372;1635796;155616
3;2020-07-05;20:02:47;6;0.09;1.62;3411100;2703292;3964940;1486080;1899252;1631684;155624
4;2020-07-05;20:02:52;6;0.09;1.62;3411312;2703124;3964784;1486080;1899208;1631624;155632
5;2020-07-05;20:02:57;6;0.09;1.62;3412844;2701752;3963368;1486080;1899048;1631576;155640
6;2020-07-05;20:03:02;0;0.09;1.64;3412368;2702016;3963788;1486080;1899260;1631656;155648
7;2020-07-05;20:03:07;7;0.09;1.65;3412356;2699336;3961128;1486080;1901952;1634324;155664
8;2020-07-05;20:03:12;3;0.09;1.65;3413372;2698184;3959988;1486080;1902088;1634452;155680
9;2020-07-05;20:03:17;3;0.09;1.65;3413892;2697932;3959680;1486080;1901820;1634316;155688
10;2020-07-05;20:03:22;3;0.09;1.65;3413708;2698008;3959832;1486080;1901928;1634284;155696
11;2020-07-05;20:03:27;3;0.09;1.65;3413896;2698016;3959780;1486080;1901732;1634212;155704
12;2020-07-05;20:03:32;3;0.09;1.65;3416532;2697676;3960368;1486080;1899436;1631908;155712
13;2020-07-05;20:03:37;3;0.09;1.65;3416588;2695868;3958708;1486080;1901188;1633492;155744
14;2020-07-05;20:03:43;3;0.09;1.65;3418392;2692984;3956060;1486080;1902268;1634696;155752
15;2020-07-05;20:03:48;0;0.09;1.65;3418348;2693524;3956704;1486080;1901772;1634076;155760
16;2020-07-05;20:03:53;3;0.09;1.65;3420208;2692020;3955164;1486080;1901416;1633796;155784
17;2020-07-05;20:03:58;3;0.09;1.65;3419708;2692424;3955640;1486080;1901512;1633768;155792
18;2020-07-05;20:04:03;4;0.09;1.65;3419172;2693064;3956224;1486080;1901408;1633796;155792
19;2020-07-05;20:04:08;4;0.09;1.64;3419992;2692052;3955284;1486080;1901600;1633844;155808
20;2020-07-05;20:04:13;4;0.09;1.64;3421520;2687104;3950292;1486080;1905020;1637380;155824
21;2020-07-05;20:04:18;3;0.09;1.65;3429168;2679204;3942484;1486080;1905272;1637472;155840
22;2020-07-05;20:04:23;3;0.09;1.65;3430396;2678004;3941284;1486080;1905244;1637452;155840
23;2020-07-05;20:04:28;4;0.09;1.64;3429052;2682640;3945940;1486080;1901952;1634128;155856
24;2020-07-05;20:04:33;4;0.09;1.64;3429716;2681976;3945284;1486080;1901952;1634128;155856
25;2020-07-05;20:04:38;4;0.09;1.64;3430052;2681780;3945056;1486080;1901812;1634080;155896
26;2020-07-05;20:04:43;4;0.09;1.64;3428228;2681868;3945216;1486080;1903548;1635700;155896
27;2020-07-05;20:04:49;4;0.09;1.64;3428064;2681232;3944592;1486080;1904348;1636476;155912
28;2020-07-05;20:04:54;4;0.09;1.64;3428064;2682004;3945372;1486080;1903576;1635720;155912
29;2020-07-05;20:04:59;3;0.09;1.64;3428820;2681284;3944672;1486080;1903540;1635656;155928
30;2020-07-05;20:05:04;3;0.09;1.64;3430056;2680148;3943724;1486080;1903440;1635676;155936
31;2020-07-05;20:05:09;3;0.09;1.64;3429304;2680784;3944420;1486080;1903556;1635668;155944
32;2020-07-05;20:05:14;3;0.09;1.64;3430088;2675400;3939064;1486080;1908156;1640132;155944
33;2020-07-05;20:05:19;3;0.09;1.64;3429084;2676648;3940320;1486080;1907912;1639996;155960
34;2020-07-05;20:05:24;3;0.09;1.64;3430000;2679812;3943484;1486080;1903832;1635920;155960
35;2020-07-05;20:05:29;3;0.09;1.64;3432068;2677812;3941504;1486080;1903764;1635832;155976
36;2020-07-05;20:05:34;2;0.09;1.64;3432668;2677096;3941404;1486080;1903880;1635940;155976
37;2020-07-05;20:05:39;2;0.09;1.64;3432196;2678772;3943096;1486080;1902676;1634680;156024
38;2020-07-05;20:05:44;2;0.09;1.64;3433324;2678420;3942764;1486080;1901900;1634020;156056
39;2020-07-05;20:05:50;2;0.09;1.64;3430436;2681380;3945824;1486080;1901828;1633820;156064
40;2020-07-05;20:05:55;2;0.09;1.64;3431028;2680580;3945032;1486080;1902036;1634008;156072
41;2020-07-05;20:06:00;7;0.09;1.64;3432208;2679680;3944148;1486080;1901756;1633716;156080
42;2020-07-05;20:06:05;7;0.09;1.64;3433464;2678248;3942660;1486080;1901932;1634016;156092
43;2020-07-05;20:06:10;7;0.09;1.64;3432604;2679380;3943868;1486080;1901660;1633604;156100
44;2020-07-05;20:06:15;7;0.09;1.64;3432660;2675568;3940072;1486080;1905416;1637348;156108
45;2020-07-05;20:06:20;0;0.09;1.64;3433316;2677700;3942676;1486080;1902628;1634548;156116
46;2020-07-05;20:06:25;0;0.09;1.64;3433900;2677316;3942032;1486080;1902428;1634464;156132
47;2020-07-05;20:06:30;0;0.09;1.64;3435168;2676012;3940800;1486080;1902464;1634372;156140
48;2020-07-05;20:06:35;0;0.09;1.64;3434432;2676696;3941404;1486080;1902516;1634388;156148
49;2020-07-05;20:06:40;1;0.09;1.64;3432356;2679128;3943868;1486080;1902160;1634008;156180
50;2020-07-05;20:06:45;1;0.09;1.64;3419360;2688916;3953664;1486080;1905368;1637208;156188
51;2020-07-05;20:06:50;1;0.09;1.64;3420592;2690864;3955624;1486080;1902188;1634012;156196
52;2020-07-05;20:06:56;1;0.09;1.64;3420020;2691388;3956160;1486080;1902236;1634044;156204
53;2020-07-05;20:07:01;1;0.09;1.63;3419948;2691504;3956288;1486080;1902192;1633988;156212
54;2020-07-05;20:07:06;1;0.09;1.63;3420996;2690332;3955108;1486080;1902316;1634140;156220
55;2020-07-05;20:07:11;1;0.09;1.63;3421728;2689700;3954492;1486080;1902216;1634016;156228
56;2020-07-05;20:07:16;0;0.09;1.63;3423088;2688232;3953036;1486080;1902324;1634112;156236
57;2020-07-05;20:07:21;0;0.09;1.63;3422828;2685244;3950064;1486080;1905572;1637352;156244
58;2020-07-05;20:07:26;0;0.09;1.63;3418324;2693364;3958192;1486080;1901956;1633728;156252
59;2020-07-05;20:07:31;1;0.09;1.63;3420524;2692248;3957084;1486080;1900872;1632640;156260
60;2020-07-05;20:07:36;0;0.09;1.63;3420344;2692596;3957372;1486080;1900704;1632600;156268
61;2020-07-05;20:07:41;0;0.09;1.63;3415316;2697404;3962288;1486080;1900924;1632644;156300
62;2020-07-05;20:07:46;1;0.09;1.63;3415016;2697944;3962832;1486080;1900684;1632388;156308
63;2020-07-05;20:07:51;1;0.09;1.63;3415316;2697628;3962532;1486080;1900700;1632396;156316
64;2020-07-05;20:07:56;1;0.09;1.63;3414804;2698068;3962984;1486080;1900772;1632456;156324
65;2020-07-05;20:08:02;2;0.09;1.63;3415644;2697304;3962232;1486080;1900696;1632368;156332
66;2020-07-05;20:08:07;2;0.09;1.63;3415248;2697524;3962464;1486080;1900872;1632532;156340
67;2020-07-05;20:08:12;2;0.09;1.63;3413476;2699484;3964432;1486080;1900684;1632336;156348
68;2020-07-05;20:08:17;2;0.09;1.63;3413764;2699128;3964088;1486080;1900752;1632396;156356
69;2020-07-05;20:08:22;5;0.09;1.63;3414796;2698040;3963012;1486080;1900808;1632444;156364
70;2020-07-05;20:08:27;5;0.09;1.63;3414744;2697868;3962848;1486080;1901032;1632660;156372
71;2020-07-05;20:08:32;6;0.09;1.63;3413288;2699308;3964304;1486080;1901048;1632668;156380
72;2020-07-05;20:08:37;6;0.09;1.63;3414636;2697880;3962872;1486080;1901128;1632732;156412
73;2020-07-05;20:08:42;6;0.09;1.63;3415084;2697564;3962536;1486080;1900996;1632704;156420
74;2020-07-05;20:08:47;6;0.09;1.63;3415596;2697092;3962132;1486080;1900956;1632548;156428
75;2020-07-05;20:08:52;6;0.09;1.63;3414284;2698320;3963368;1486080;1901040;1632620;156436
76;2020-07-05;20:08:57;6;0.09;1.63;3416428;2696240;3961300;1486080;1900976;1632552;156444
77;2020-07-05;20:09:03;7;0.09;1.63;3416500;2696388;3961388;1486080;1900756;1632464;156452
78;2020-07-05;20:09:08;4;0.09;1.63;3416640;2696232;3961248;1486080;1900772;1632456;156460
79;2020-07-05;20:09:13;4;0.09;1.63;3415764;2696820;3961896;1486080;1901060;1632636;156468
80;2020-07-05;20:09:18;5;0.09;1.62;3422824;2689740;3954840;1486080;1901080;1632620;156476
81;2020-07-05;20:09:23;4;0.09;1.62;3422168;2690504;3955616;1486080;1900972;1632508;156484
82;2020-07-05;20:09:28;4;0.09;1.62;3421684;2690616;3955740;1486080;1901344;1632752;156492
83;2020-07-05;20:09:33;4;0.09;1.62;3422536;2689896;3955048;1486080;1901212;1632720;156500
84;2020-07-05;20:09:38;4;0.09;1.62;3423172;2689288;3954468;1486080;1901184;1632680;156540
85;2020-07-05;20:09:43;4;0.09;1.62;3423820;2688484;3953604;1486080;1901340;1632960;156540
86;2020-07-05;20:09:48;4;0.09;1.62;3421932;2690616;3955816;1486080;1901096;1632560;156556
87;2020-07-05;20:09:53;4;0.09;1.62;3423700;2688900;3954112;1486080;1901044;1632520;156556
88;2020-07-05;20:09:58;4;0.09;1.62;3423804;2688780;3954004;1486080;1901060;1632508;156572
89;2020-07-05;20:10:04;7;0.09;1.62;3422524;2690032;3955268;1486080;1901088;1632528;156572
90;2020-07-05;20:10:09;4;0.09;1.62;3424908;2687604;3952840;1486080;1901132;1632568;156588
91;2020-07-05;20:10:14;4;0.09;1.62;3424404;2688228;3953408;1486080;1901012;1632584;156588
92;2020-07-05;20:10:19;4;0.09;1.62;3423976;2688508;3953768;1486080;1901160;1632576;156604
93;2020-07-05;20:10:24;3;0.09;1.62;3424480;2688044;3953324;1486080;1901120;1632528;156604
94;2020-07-05;20:10:29;4;0.09;1.62;3426208;2683248;3948540;1486080;1904188;1635596;156620
95;2020-07-05;20:10:34;4;0.09;1.62;3426632;2685788;3951104;1486080;1901224;1632624;156620
96;2020-07-05;20:10:39;4;0.09;1.62;3426148;2686044;3951392;1486080;1901452;1632828;156660
97;2020-07-05;20:10:44;4;0.09;1.62;3425124;2686408;3951768;1486080;1902112;1633480;156660
98;2020-07-05;20:10:49;4;0.09;1.62;3423292;2689116;3954484;1486080;1901236;1632584;156676
99;2020-07-05;20:10:54;4;0.09;1.62;3426012;2686432;3951748;1486080;1901200;1632684;156676
100;2020-07-05;20:10:59;4;0.09;1.62;3424524;2687888;3953284;1486080;1901232;1632568;156692
101;2020-07-05;20:11:04;4;0.09;1.62;3426040;2686236;3951640;1486080;1901368;1632696;156692
102;2020-07-05;20:11:10;4;0.09;1.62;3425496;2686784;3952204;1486080;1901364;1632672;156708
103;2020-07-05;20:11:15;4;0.09;1.62;3425008;2687256;3952676;1486080;1901380;1632696;156708
104;2020-07-05;20:11:20;1;0.09;1.62;3425896;2685784;3951664;1486080;1901964;1633256;156724
105;2020-07-05;20:11:25;1;0.09;1.62;3426128;2685784;3951612;1486080;1901732;1633140;156740
106;2020-07-05;20:11:30;2;0.09;1.62;3427536;2684592;3950288;1486080;1901516;1632784;156748
107;2020-07-05;20:11:35;5;0.09;1.61;3425708;2683068;3948780;1486080;1904868;1636120;156756
108;2020-07-05;20:11:40;5;0.09;1.61;3426996;2684752;3950480;1486080;1901896;1633112;156788
109;2020-07-05;20:11:45;3;0.09;1.61;3428652;2682956;3948724;1486080;1902036;1633240;156796
110;2020-07-05;20:11:50;3;0.09;1.61;3427176;2684564;3950332;1486080;1901904;1633116;156804
111;2020-07-05;20:11:55;3;0.09;1.61;3427696;2684004;3949780;1486080;1901944;1633140;156812
112;2020-07-05;20:12:00;3;0.09;1.61;3427524;2684296;3950084;1486080;1901824;1633008;156820
113;2020-07-05;20:12:05;3;0.09;1.61;3427608;2684360;3950100;1486080;1901676;1632980;156828
114;2020-07-05;20:12:11;3;0.09;1.61;3427216;2684800;3950588;1486080;1901628;1632824;156836
115;2020-07-05;20:12:16;3;0.09;1.61;3428060;2683768;3949588;1486080;1901816;1632984;156844
116;2020-07-05;20:12:21;3;0.09;1.61;3429648;2682288;3948104;1486080;1901708;1632872;156852
117;2020-07-05;20:12:26;3;0.09;1.61;3430048;2681940;3947716;1486080;1901656;1632928;156860
118;2020-07-05;20:12:31;1;0.09;1.61;3429268;2682568;3948404;1486080;1901808;1632968;156868
119;2020-07-05;20:12:36;1;0.09;1.61;3429164;2679068;3944936;1486080;1905412;1636540;156876
120;2020-07-05;20:12:41;1;0.09;1.61;3428668;2682720;3948628;1486080;1902256;1633340;156908
121;2020-07-05;20:12:46;6;0.09;1.61;3428820;2682568;3948484;1486080;1902256;1633332;156916
122;2020-07-05;20:12:51;6;0.09;1.61;3428144;2683264;3949160;1486080;1902236;1633344;156924
123;2020-07-05;20:12:56;6;0.09;1.61;3428972;2682524;3948392;1486080;1902148;1633332;156932
124;2020-07-05;20:13:01;6;0.09;1.61;3429312;2682316;3948252;1486080;1902016;1633088;156940
125;2020-07-05;20:13:06;6;0.09;1.61;3428872;2682964;3948832;1486080;1901808;1633008;156948
126;2020-07-05;20:13:12;6;0.09;1.61;3429080;2682480;3948416;1486080;1902084;1633156;156956
127;2020-07-05;20:13:17;7;0.09;1.61;3428280;2683392;3949348;1486080;1901972;1633016;156964
128;2020-07-05;20:13:22;6;0.09;1.61;3431204;2680444;3946424;1486080;1901996;1633028;156972
129;2020-07-05;20:13:27;6;0.09;1.61;3430000;2681504;3947488;1486080;1902140;1633160;156980
130;2020-07-05;20:13:32;7;0.09;1.61;3430152;2681352;3947356;1486080;1902140;1633164;156988
131;2020-07-05;20:13:37;0;0.09;1.61;3429156;2682528;3948476;1486080;1901960;1633068;157020
132;2020-07-05;20:13:42;1;0.09;1.61;3428924;2682424;3948468;1486080;1902296;1633288;157028
133;2020-07-05;20:13:47;1;0.09;1.61;3428836;2682432;3948492;1486080;1902376;1633352;157036
134;2020-07-05;20:13:52;1;0.09;1.6;3429424;2681852;3947872;1486080;1902368;1633436;157044
135;2020-07-05;20:13:57;2;0.09;1.6;3430292;2680936;3947008;1486080;1902416;1633388;157052
136;2020-07-05;20:14:02;2;0.09;1.6;3429324;2682180;3948276;1486080;1902140;1633076;157060
137;2020-07-05;20:14:07;3;0.09;1.6;3431952;2679532;3945632;1486080;1902160;1633104;157068
138;2020-07-05;20:14:13;3;0.09;1.6;3431292;2680164;3946276;1486080;1902188;1633116;157076
139;2020-07-05;20:14:18;3;0.09;1.6;3433936;2677516;3943644;1486080;1902192;1633116;157084
140;2020-07-05;20:14:23;3;0.09;1.6;3436088;2674948;3941084;1486080;1902608;1633532;157092
141;2020-07-05;20:14:28;3;0.09;1.6;3434244;2677176;3943332;1486080;1902224;1633124;157100
142;2020-07-05;20:14:33;3;0.09;1.6;3435804;2675808;3941904;1486080;1902032;1633064;157108
143;2020-07-05;20:14:38;3;0.09;1.6;3435840;2675664;3941856;1486080;1902140;1633012;157140
144;2020-07-05;20:14:43;3;0.09;1.6;3436288;2674948;3941160;1486080;1902408;1633252;157148
145;2020-07-05;20:14:48;6;0.09;1.6;3436240;2674992;3941200;1486080;1902412;1633276;157156
146;2020-07-05;20:14:53;5;0.09;1.6;3435536;2675652;3941884;1486080;1902456;1633292;157164
147;2020-07-05;20:14:58;5;0.09;1.6;3435156;2676000;3942244;1486080;1902488;1633312;157172
148;2020-07-05;20:15:03;5;0.09;1.6;3434720;2676716;3942956;1486080;1902208;1633048;157180
149;2020-07-05;20:15:08;5;0.09;1.6;3434552;2677032;3943240;1486080;1902060;1632964;157196
150;2020-07-05;20:15:13;5;0.09;1.6;3435356;2675988;3942248;1486080;1902300;1633120;157196
151;2020-07-05;20:15:19;6;0.09;1.6;3434228;2677148;3943428;1486080;1902268;1633064;157212
152;2020-07-05;20:15:24;6;0.09;1.6;3434972;2676552;3942772;1486080;1902120;1633044;157212
153;2020-07-05;20:15:29;6;0.09;1.6;3435892;2675352;3941648;1486080;1902400;1633176;157228
154;2020-07-05;20:15:34;6;0.09;1.6;3436196;2675300;3941608;1486080;1902148;1632916;157228
155;2020-07-05;20:15:39;6;0.09;1.6;3437560;2673912;3940260;1486080;1902172;1632884;157268
156;2020-07-05;20:15:44;6;0.09;1.6;3436124;2674716;3941076;1486080;1902804;1633404;157268
157;2020-07-05;20:15:49;6;0.09;1.6;3436132;2674796;3941172;1486080;1902716;1633404;157284
158;2020-07-05;20:15:54;6;0.09;1.6;3437536;2673448;3939840;1486080;1902660;1633336;157292
159;2020-07-05;20:15:59;6;0.09;1.6;3437404;2673692;3940096;1486080;1902548;1633216;157300
160;2020-07-05;20:16:04;6;0.09;1.6;3436360;2675072;3941404;1486080;1902212;1633024;157300
161;2020-07-05;20:16:09;6;0.09;1.6;3437500;2673860;3940268;1486080;1902284;1632960;157316
162;2020-07-05;20:16:14;6;0.09;1.59;3437092;2674136;3940548;1486080;1902416;1633084;157316
163;2020-07-05;20:16:20;4;0.09;1.59;3438040;2672876;3939704;1486080;1902728;1633404;157332
164;2020-07-05;20:16:25;4;0.09;1.59;3436980;2673792;3940668;1486080;1902872;1633544;157332
165;2020-07-05;20:16:30;4;0.09;1.59;3437412;2673656;3940348;1486080;1902576;1633204;157356
166;2020-07-05;20:16:35;4;0.09;1.59;3436240;2674696;3941400;1486080;1902708;1633328;157356
167;2020-07-05;20:16:40;4;0.09;1.59;3436868;2674004;3940752;1486080;1902772;1633348;157396
168;2020-07-05;20:16:45;4;0.09;1.59;3436180;2671428;3938244;1486080;1906036;1636608;157396
169;2020-07-05;20:16:50;4;0.09;1.59;3436936;2673712;3940492;1486080;1902996;1633544;157420
170;2020-07-05;20:16:55;4;0.09;1.59;3438540;2671972;3938764;1486080;1903132;1633672;157428
171;2020-07-05;20:17:00;4;0.09;1.59;3435992;2674672;3941476;1486080;1902980;1633512;157436
172;2020-07-05;20:17:05;4;0.09;1.59;3436852;2670496;3937304;1486080;1906296;1636820;157444
173;2020-07-05;20:17:10;4;0.09;1.59;3437160;2673740;3940568;1486080;1902744;1633256;157452
174;2020-07-05;20:17:15;4;0.09;1.59;3438320;2672400;3939228;1486080;1902924;1633428;157460
175;2020-07-05;20:17:20;4;0.09;1.59;3438964;2671872;3938712;1486080;1902808;1633304;157468
176;2020-07-05;20:17:26;4;0.09;1.59;3438800;2671968;3938828;1486080;1902876;1633364;157476
177;2020-07-05;20:17:31;4;0.09;1.59;3439420;2671468;3938332;1486080;1902756;1633236;157484
178;2020-07-05;20:17:36;4;0.09;1.59;3438776;2671856;3938720;1486080;1903012;1633504;157492
179;2020-07-05;20:17:41;4;0.09;1.59;3439856;2670924;3937816;1486080;1902864;1633336;157524
180;2020-07-05;20:17:46;4;0.09;1.59;3441268;2669372;3936292;1486080;1903004;1633444;157532
181;2020-07-05;20:17:51;4;0.09;1.59;3440212;2670044;3936976;1486080;1903388;1633712;157540
182;2020-07-05;20:17:56;1;0.09;1.59;3442168;2668196;3935132;1486080;1903280;1633704;157548
183;2020-07-05;20:18:01;1;0.09;1.59;3440336;2669936;3936888;1486080;1903372;1633788;157556
184;2020-07-05;20:18:06;1;0.09;1.59;3440084;2670196;3937148;1486080;1903364;1633772;157564
185;2020-07-05;20:18:11;1;0.09;1.59;3440652;2669864;3936828;1486080;1903128;1633524;157572
186;2020-07-05;20:18:16;3;0.09;1.59;3440576;2669952;3936916;1486080;1903116;1633520;157580
187;2020-07-05;20:18:21;3;0.09;1.59;3440852;2669736;3936708;1486080;1903056;1633472;157588
188;2020-07-05;20:18:27;3;0.09;1.59;3440764;2670008;3936940;1486080;1902872;1633396;157600
189;2020-07-05;20:18:32;3;0.09;1.59;3441036;2669464;3936472;1486080;1903144;1633540;157608
190;2020-07-05;20:18:37;3;0.09;1.58;3440576;2670180;3937128;1486080;1902888;1633396;157616
191;2020-07-05;20:18:42;5;0.09;1.58;3440716;2669776;3936952;1486080;1903152;1633492;157648
192;2020-07-05;20:18:47;1;0.09;1.58;3441228;2669200;3936368;1486080;1903216;1633600;157656
193;2020-07-05;20:18:52;1;0.09;1.58;3440264;2666928;3934132;1486080;1906452;1636668;157664
194;2020-07-05;20:18:57;1;0.09;1.58;3441156;2669040;3936252;1486080;1903448;1633752;157672
195;2020-07-05;20:19:02;1;0.09;1.58;3440436;2669708;3936936;1486080;1903500;1633800;157680
196;2020-07-05;20:19:07;6;0.09;1.58;3441512;2668812;3935980;1486080;1903320;1633748;157688
197;2020-07-05;20:19:12;6;0.09;1.58;3441308;2669056;3936292;1486080;1903280;1633580;157696
198;2020-07-05;20:19:17;6;0.09;1.58;3446508;2663964;3931208;1486080;1903172;1633468;157704
199;2020-07-05;20:19:22;6;0.09;1.58;3445320;2665212;3932412;1486080;1903112;1633516;157712
200;2020-07-05;20:19:28;6;0.09;1.58;3443844;2666656;3933868;1486080;1903144;1633540;157720
201;2020-07-05;20:19:33;4;0.09;1.58;3444832;2665552;3932840;1486080;1903260;1633512;157728
202;2020-07-05;20:19:38;4;0.09;1.58;3444500;2665856;3933152;1486080;1903288;1633504;157760
203;2020-07-05;20:19:43;4;0.09;1.58;3445080;2665172;3932508;1486080;1903392;1633588;157768
204;2020-07-05;20:19:48;4;0.09;1.58;3445240;2665180;3932452;1486080;1903224;1633548;157776
205;2020-07-05;20:19:53;4;0.09;1.58;3445408;2661596;3928940;1486080;1906640;1636852;157784
206;2020-07-05;20:19:58;4;0.09;1.58;3445120;2664896;3932260;1486080;1903628;1633808;157792
207;2020-07-05;20:20:03;4;0.09;1.58;3444832;2665164;3932468;1486080;1903648;1633964;157800
208;2020-07-05;20:20:08;4;0.09;1.58;3445520;2661792;3929112;1486080;1906332;1636620;157808
209;2020-07-05;20:20:13;4;0.09;1.58;3445776;2661384;3928772;1486080;1906484;1636648;157816
210;2020-07-05;20:20:18;4;0.09;1.58;3445136;2662060;3929464;1486080;1906448;1636596;157824
211;2020-07-05;20:20:23;4;0.09;1.58;3444456;2662628;3930036;1486080;1906560;1636708;157832
212;2020-07-05;20:20:29;4;0.09;1.58;3446148;2660964;3928384;1486080;1906532;1636664;157840
213;2020-07-05;20:20:34;4;0.09;1.58;3445272;2661920;3929344;1486080;1906452;1636592;157848
214;2020-07-05;20:20:39;4;0.09;1.58;3446296;2660924;3928364;1486080;1906424;1636508;157888
215;2020-07-05;20:20:44;2;0.09;1.58;3445092;2661916;3929388;1486080;1906636;1636716;157888
216;2020-07-05;20:20:49;2;0.09;1.58;3443568;2663380;3930856;1486080;1906696;1636772;157904
217;2020-07-05;20:20:54;2;0.09;1.58;3442692;2664160;3931664;1486080;1906792;1636856;157904
218;2020-07-05;20:20:59;2;0.09;1.57;3445268;2661444;3928960;1486080;1906932;1636976;157920
219;2020-07-05;20:21:04;4;0.09;1.57;3444724;2661980;3929504;1486080;1906940;1636976;157920
220;2020-07-05;20:21:09;4;0.09;1.57;3444716;2661972;3929512;1486080;1906956;1636976;157936
221;2020-07-05;20:21:14;4;0.09;1.57;3443348;2663640;3931180;1486080;1906656;1636676;157936
222;2020-07-05;20:21:19;4;0.09;1.57;3444288;2662356;3930360;1486080;1907000;1636996;157952
223;2020-07-05;20:21:24;4;0.09;1.57;3445592;2660812;3928824;1486080;1907240;1637236;157952
224;2020-07-05;20:21:29;4;0.09;1.57;3445076;2664488;3932280;1486080;1904080;1634080;157968
225;2020-07-05;20:21:35;4;0.09;1.57;3445876;2663412;3931164;1486080;1904356;1634460;157968
226;2020-07-05;20:21:40;4;0.09;1.57;3445336;2664388;3932196;1486080;1903920;1633892;158008
227;2020-07-05;20:21:45;4;0.09;1.57;3445708;2663876;3931724;1486080;1904060;1634008;158016
228;2020-07-05;20:21:50;1;0.09;1.57;3445384;2664292;3932164;1486080;1903968;1633904;158024
229;2020-07-05;20:21:55;1;0.09;1.57;3445424;2664120;3932004;1486080;1904100;1634032;158024
230;2020-07-05;20:22:00;3;0.09;1.57;3445868;2663540;3931440;1486080;1904236;1634140;158040
231;2020-07-05;20:22:05;3;0.09;1.57;3444328;2664964;3932868;1486080;1904352;1634252;158048
232;2020-07-05;20:22:10;3;0.09;1.57;3446048;2663452;3931352;1486080;1904144;1634056;158056
233;2020-07-05;20:22:15;3;0.09;1.57;3444156;2662500;3930336;1486080;1906988;1637028;158064
234;2020-07-05;20:22:20;3;0.09;1.57;3445988;2663640;3931548;1486080;1904016;1633912;158072
235;2020-07-05;20:22:25;3;0.09;1.57;3445416;2664112;3932032;1486080;1904116;1634000;158080
236;2020-07-05;20:22:30;4;0.09;1.57;3445744;2663852;3931792;1486080;1904048;1633920;158088
237;2020-07-05;20:22:36;4;0.09;1.57;3444676;2664924;3932808;1486080;1904044;1634048;158096
238;2020-07-05;20:22:41;4;0.09;1.57;3446876;2662788;3930776;1486080;1903980;1633812;158128
239;2020-07-05;20:22:46;5;0.09;1.57;3446172;2663340;3931344;1486080;1904132;1633944;158136
240;2020-07-05;20:22:51;5;0.09;1.57;3445152;2664480;3932496;1486080;1904012;1633816;158144
241;2020-07-05;20:22:56;5;0.09;1.57;3445200;2664260;3932280;1486080;1904184;1633980;158152
242;2020-07-05;20:23:01;5;0.09;1.57;3445492;2661032;3929060;1486080;1907120;1636908;158160
243;2020-07-05;20:23:06;2;0.09;1.57;3445300;2660924;3928916;1486080;1907420;1637336;158168
244;2020-07-05;20:23:11;2;0.09;1.57;3445168;2663992;3932052;1486080;1904484;1634268;158176
245;2020-07-05;20:23:16;2;0.09;1.57;3445676;2663504;3931576;1486080;1904464;1634232;158184
246;2020-07-05;20:23:21;2;0.09;1.57;3446184;2662952;3931036;1486080;1904508;1634276;158192
247;2020-07-05;20:23:26;2;0.09;1.56;3445804;2663440;3931528;1486080;1904400;1634172;158200
248;2020-07-05;20:23:31;2;0.09;1.56;3447504;2661904;3930000;1486080;1904236;1633996;158208
249;2020-07-05;20:23:36;1;0.09;1.56;3445588;2663868;3931928;1486080;1904188;1634056;158216
250;2020-07-05;20:23:42;1;0.09;1.56;3446176;2663272;3931356;1486080;1904196;1634032;158248
251;2020-07-05;20:23:47;1;0.09;1.56;3446544;2662788;3930944;1486080;1904312;1634020;158256
252;2020-07-05;20:23:52;1;0.09;1.56;3445324;2663988;3932152;1486080;1904332;1634028;158264
253;2020-07-05;20:23:57;1;0.09;1.56;3443856;2665432;3933612;1486080;1904356;1634028;158272
254;2020-07-05;20:24:02;2;0.09;1.56;3446496;2662640;3930832;1486080;1904508;1634188;158280
255;2020-07-05;20:24:07;3;0.09;1.56;3446668;2659448;3927648;1486080;1907528;1637192;158288
256;2020-07-05;20:24:12;3;0.09;1.56;3447620;2661384;3929596;1486080;1904640;1634296;158296
257;2020-07-05;20:24:17;3;0.09;1.56;3452344;2656764;3924932;1486080;1904536;1634296;158304
258;2020-07-05;20:24:22;3;0.09;1.56;3454740;2654280;3922512;1486080;1904624;1634272;158312
259;2020-07-05;20:24:27;6;0.09;1.56;3453900;2654940;3923176;1486080;1904804;1634436;158320
260;2020-07-05;20:24:32;6;0.09;1.56;3453884;2655316;3923560;1486080;1904444;1634084;158328
261;2020-07-05;20:24:37;6;0.09;1.56;3453328;2655796;3924052;1486080;1904520;1634116;158360
262;2020-07-05;20:24:43;6;0.09;1.56;3453456;2655648;3923944;1486080;1904540;1634124;158368
263;2020-07-05;20:24:48;6;0.09;1.56;3452836;2656276;3924576;1486080;1904532;1634120;158376
264;2020-07-05;20:24:53;6;0.09;1.56;3453552;2655472;3923784;1486080;1904620;1634200;158384
265;2020-07-05;20:24:58;5;0.09;1.56;3452972;2656096;3924416;1486080;1904576;1634144;158392
266;2020-07-05;20:25:03;7;0.09;1.56;3454288;2654908;3923172;1486080;1904448;1634144;158400
267;2020-07-05;20:25:08;5;0.09;1.56;3454388;2651500;3919844;1486080;1907756;1637312;158408
268;2020-07-05;20:25:13;5;0.09;1.56;3454036;2654892;3923176;1486080;1904716;1634396;158416
269;2020-07-05;20:25:18;2;0.09;1.56;3454376;2654412;3922776;1486080;1904856;1634392;158424
270;2020-07-05;20:25:23;2;0.09;1.56;3453948;2654648;3923004;1486080;1905048;1634608;158432
271;2020-07-05;20:25:28;2;0.09;1.56;3453612;2655168;3923480;1486080;1904864;1634520;158440
272;2020-07-05;20:25:33;2;0.09;1.56;3453980;2655192;3923584;1486080;1904472;1633988;158448
273;2020-07-05;20:25:38;2;0.09;1.56;3452424;2656672;3925100;1486080;1904548;1634020;158480
274;2020-07-05;20:25:43;2;0.09;1.56;3454060;2655012;3923452;1486080;1904572;1634032;158488
275;2020-07-05;20:25:49;7;0.09;1.56;3454060;2655024;3923408;1486080;1904560;1634144;158496
276;2020-07-05;20:25:54;7;0.09;1.55;3455756;2653060;3921512;1486080;1904828;1634284;158504
277;2020-07-05;20:25:59;7;0.09;1.55;3454828;2654052;3922516;1486080;1904764;1634208;158512
278;2020-07-05;20:26:04;7;0.09;1.55;3454472;2654552;3922964;1486080;1904620;1634180;158520
279;2020-07-05;20:26:09;5;0.09;1.55;3453460;2655584;3924016;1486080;1904600;1634160;158536
280;2020-07-05;20:26:14;2;0.09;1.55;3454164;2651340;3919848;1486080;1908140;1637456;158536
281;2020-07-05;20:26:19;3;0.09;1.55;3454172;2654172;3923120;1486080;1905300;1634712;158552
282;2020-07-05;20:26:24;4;0.09;1.55;3455072;2653036;3922016;1486080;1905536;1634940;158552
283;2020-07-05;20:26:29;3;0.09;1.55;3454816;2653596;3922380;1486080;1905232;1634608;158576
284;2020-07-05;20:26:34;3;0.09;1.55;3455412;2653144;3921936;1486080;1905088;1634476;158576
285;2020-07-05;20:26:39;3;0.09;1.55;3455388;2653384;3922216;1486080;1904872;1634204;158616
286;2020-07-05;20:26:44;3;0.09;1.55;3455680;2652896;3921800;1486080;1905068;1634396;158616
287;2020-07-05;20:26:49;3;0.09;1.55;3455136;2653732;3922592;1486080;1904776;1634088;158640
288;2020-07-05;20:26:55;3;0.09;1.55;3453860;2654828;3923644;1486080;1904956;1634392;158640
289;2020-07-05;20:27:00;3;0.09;1.55;3454536;2651156;3920040;1486080;1907952;1637256;158656
290;2020-07-05;20:27:05;3;0.09;1.55;3453508;2651968;3920864;1486080;1908168;1637456;158656
291;2020-07-05;20:27:10;3;0.09;1.55;3453852;2651832;3920740;1486080;1907960;1637228;158672
292;2020-07-05;20:27:15;3;0.09;1.55;3453864;2654660;3923576;1486080;1905120;1634380;158680
293;2020-07-05;20:27:20;3;0.09;1.55;3455136;2653212;3922140;1486080;1905296;1634548;158688
294;2020-07-05;20:27:25;3;0.09;1.55;3455696;2652524;3921460;1486080;1905424;1634676;158688
295;2020-07-05;20:27:30;3;0.09;1.55;3456444;2651880;3920828;1486080;1905320;1634552;158704
296;2020-07-05;20:27:35;3;0.09;1.55;3455992;2652232;3921192;1486080;1905420;1634640;158712
297;2020-07-05;20:27:40;3;0.09;1.55;3454824;2653764;3922764;1486080;1905056;1634244;158744
298;2020-07-05;20:27:45;3;0.09;1.55;3454172;2654268;3923276;1486080;1905204;1634400;158752
299;2020-07-05;20:27:50;6;0.09;1.55;3454452;2654040;3923052;1486080;1905152;1634344;158760
300;2020-07-05;20:27:56;6;0.09;1.55;3455876;2652512;3921532;1486080;1905256;1634432;158768
301;2020-07-05;20:28:01;6;0.09;1.55;3455640;2652896;3921924;1486080;1905108;1634284;158776
302;2020-07-05;20:28:06;6;0.09;1.55;3455580;2653032;3922004;1486080;1905032;1634340;158784
303;2020-07-05;20:28:11;6;0.09;1.55;3456908;2651588;3920628;1486080;1905148;1634312;158792
304;2020-07-05;20:28:16;6;0.09;1.55;3457036;2651368;3920408;1486080;1905240;1634408;158800
305;2020-07-05;20:28:21;6;0.09;1.54;3457040;2648332;3917392;1486080;1908272;1637432;158808
306;2020-07-05;20:28:26;6;0.09;1.54;3455672;2652436;3921516;1486080;1905536;1634664;158816
307;2020-07-05;20:28:31;6;0.09;1.54;3456436;2651608;3920700;1486080;1905600;1634716;158824
308;2020-07-05;20:28:36;6;0.09;1.54;3457260;2650572;3919668;1486080;1905812;1634916;158832
309;2020-07-05;20:28:41;7;0.09;1.54;3458092;2649956;3919100;1486080;1905596;1634664;158864
310;2020-07-05;20:28:46;7;0.09;1.54;3457460;2650232;3919376;1486080;1905952;1635012;158872
311;2020-07-05;20:28:51;7;0.09;1.54;3457408;2650744;3919908;1486080;1905492;1634544;158880
312;2020-07-05;20:28:57;7;0.09;1.54;3457656;2650492;3919660;1486080;1905496;1634536;158888
313;2020-07-05;20:29:02;7;0.09;1.54;3457840;2650280;3919464;1486080;1905524;1634556;158896
314;2020-07-05;20:29:07;7;0.09;1.54;3458396;2649664;3918856;1486080;1905584;1634608;158904
315;2020-07-05;20:29:12;0;0.09;1.54;3458564;2649484;3918684;1486080;1905596;1634612;158912
316;2020-07-05;20:29:17;0;0.09;1.54;3459424;2648716;3917860;1486080;1905504;1634652;158920
317;2020-07-05;20:29:22;3;0.09;1.57;3463864;2641184;3910388;1486080;1908596;1637640;158928
318;2020-07-05;20:29:27;4;0.09;1.57;3463196;2644632;3913876;1486080;1905816;1634816;158944
319;2020-07-05;20:29:32;4;0.09;1.57;3463220;2644728;3913916;1486080;1905696;1634828;158952
320;2020-07-05;20:29:37;4;0.09;1.57;3463080;2644592;3913856;1486080;1905972;1634932;158984
321;2020-07-05;20:29:42;4;0.09;1.57;3462920;2644840;3914116;1486080;1905884;1634864;158992
322;2020-07-05;20:29:47;1;0.09;1.57;3463064;2644956;3914244;1486080;1905624;1634604;159000
323;2020-07-05;20:29:52;1;0.09;1.57;3464180;2643720;3913032;1486080;1905744;1634676;159008
324;2020-07-05;20:29:58;1;0.09;1.57;3464764;2643280;3912536;1486080;1905600;1634668;159016
325;2020-07-05;20:30:03;7;0.09;1.59;3462408;2645532;3914804;1486080;1905704;1634764;159024
326;2020-07-05;20:30:08;7;0.09;1.59;3463016;2644900;3914248;1486080;1905728;1634640;159032
327;2020-07-05;20:30:13;7;0.09;1.59;3462436;2645412;3914772;1486080;1905796;1634700;159040
328;2020-07-05;20:30:18;0;0.09;1.59;3461884;2646288;3915580;1486080;1905472;1634508;159048
329;2020-07-05;20:30:23;0;0.09;1.59;3459092;2645684;3915060;1486080;1908868;1637764;159056
330;2020-07-05;20:30:28;1;0.09;1.59;3461504;2646004;3915388;1486080;1906136;1635012;159064
331;2020-07-05;20:30:33;1;0.09;1.59;3463020;2641540;3910996;1486080;1909084;1637956;159072
332;2020-07-05;20:30:38;2;0.09;1.59;3457396;2650260;3919752;1486080;1905988;1634820;159104
333;2020-07-05;20:30:43;4;0.09;1.59;3456820;2650568;3920064;1486080;1906256;1635088;159112
334;2020-07-05;20:30:48;4;0.09;1.59;3456512;2651364;3920860;1486080;1905768;1634608;159120
335;2020-07-05;20:30:53;4;0.09;1.59;3457296;2650536;3920044;1486080;1905812;1634628;159128
336;2020-07-05;20:30:58;4;0.09;1.59;3456488;2651484;3920940;1486080;1905672;1634616;159136
337;2020-07-05;20:31:04;4;0.09;1.59;3457600;2650112;3919656;1486080;1905932;1634728;159144
338;2020-07-05;20:31:09;6;0.09;1.59;3457068;2650752;3920308;1486080;1905824;1634608;159152
339;2020-07-05;20:31:14;6;0.09;2.13;3456472;2651260;3920852;1486080;1905912;1634612;159208
340;2020-07-05;20:31:19;6;0.09;2.13;3457352;2650152;3920040;1486080;1906140;1634824;159216
341;2020-07-05;20:31:24;6;0.09;2.13;3458152;2649120;3919016;1486080;1906372;1635044;159224
342;2020-07-05;20:31:29;6;0.09;2.13;3458244;2646120;3916028;1486080;1909280;1637940;159232
343;2020-07-05;20:31:34;6;0.09;2.13;3456572;2650536;3920456;1486080;1906536;1635188;159240
344;2020-07-05;20:31:39;6;0.09;2.13;3456500;2650744;3920676;1486080;1906400;1635012;159276
345;2020-07-05;20:31:44;6;0.09;2.13;3457664;2649404;3919376;1486080;1906576;1635168;159284
346;2020-07-05;20:31:49;6;0.09;2.13;3458280;2649208;3919192;1486080;1906156;1634732;159300
347;2020-07-05;20:31:54;6;0.09;2.13;3458088;2649128;3919116;1486080;1906428;1635020;159300
348;2020-07-05;20:31:59;6;0.09;2.13;3457348;2647144;3917132;1486080;1909152;1637736;159316
349;2020-07-05;20:32:04;6;0.09;2.12;3458664;2648636;3918644;1486080;1906344;1634920;159324
350;2020-07-05;20:32:10;6;0.09;2.12;3457252;2650292;3920308;1486080;1906100;1634660;159332
351;2020-07-05;20:32:15;6;0.09;2.12;3456612;2650908;3920860;1486080;1906124;1634828;159332
352;2020-07-05;20:32:20;6;0.09;2.12;3456892;2650440;3920472;1486080;1906312;1634860;159348
353;2020-07-05;20:32:25;3;0.09;2.12;3457236;2650048;3920092;1486080;1906360;1634900;159348
354;2020-07-05;20:32:30;5;0.09;2.12;3456904;2650488;3920544;1486080;1906252;1634772;159364
355;2020-07-05;20:32:35;5;0.09;2.12;3455864;2651072;3921140;1486080;1906708;1635228;159364
356;2020-07-05;20:32:40;5;0.09;2.12;3458388;2648616;3918716;1486080;1906640;1635132;159404
357;2020-07-05;20:32:45;5;0.09;2.12;3457960;2648928;3919036;1486080;1906756;1635240;159412
358;2020-07-05;20:32:50;6;0.09;2.12;3465668;2631840;3901976;1486080;1916136;1644580;159444
359;2020-07-05;20:32:55;1;0.09;2.24;3494064;2617084;3888916;1486080;1902496;1632944;159460
360;2020-07-05;20:33:00;7;0.1;2.45;3534692;2529412;3806260;1486080;1949540;1677748;159604
361;2020-07-05;20:33:05;5;0.11;2.62;3515440;2597280;3877792;1486080;1900924;1629120;159612
362;2020-07-05;20:33:10;5;0.12;2.71;3491876;2605088;3887492;1486080;1916680;1644768;159620
363;2020-07-05;20:33:16;5;0.12;2.82;3494080;2600324;3885292;1486080;1919240;1647224;159724
364;2020-07-05;20:33:21;1;0.13;2.82;3495208;2599152;3884160;1486080;1919284;1647244;159748
365;2020-07-05;20:33:26;3;0.13;2.91;3499564;2592808;3879808;1486080;1921272;1649224;159756
366;2020-07-05;20:33:31;1;0.14;3;3505412;2584760;3873944;1486080;1923472;1651404;159772
367;2020-07-05;20:33:36;5;0.14;3.01;3506272;2583884;3873100;1486080;1923488;1651408;159780
368;2020-07-05;20:33:41;6;0.15;3.09;3508200;2580152;3871168;1486080;1925292;1653204;159788
369;2020-07-05;20:33:46;3;0.15;3.11;3510748;2575568;3867044;1486080;1927328;1655232;159796
370;2020-07-05;20:33:51;4;0.16;3.18;3513748;2571156;3864268;1486080;1928740;1656632;159808
371;2020-07-05;20:33:56;1;0.16;3.18;3512944;2571944;3865072;1486080;1928756;1656640;159816
372;2020-07-05;20:34:01;6;0.17;3.29;3495568;2587200;3882452;1486080;1930876;1658744;159832
373;2020-07-05;20:34:06;0;0.17;3.3;3496512;2586236;3881508;1486080;1930896;1658756;159840
374;2020-07-05;20:34:11;3;0.18;3.39;3500268;2580504;3877736;1486080;1932872;1660680;159848
375;2020-07-05;20:34:16;3;0.18;3.39;3509716;2571044;3868284;1486080;1932884;1660684;159856
376;2020-07-05;20:34:21;2;0.19;3.45;3513988;2565116;3864016;1486080;1934540;1662328;159864
377;2020-07-05;20:34:26;7;0.19;3.45;3516092;2563000;3861908;1486080;1934552;1662332;159872
378;2020-07-05;20:34:32;7;0.2;3.55;3518248;2558680;3859740;1486080;1936716;1664468;159896
379;2020-07-05;20:34:37;3;0.2;3.56;3520280;2556624;3857724;1486080;1936740;1664484;159904
380;2020-07-05;20:34:42;7;0.21;3.56;3521480;2555396;3856516;1486080;1936768;1664496;159920
381;2020-07-05;20:34:47;1;0.22;3.63;3524440;2550620;3853560;1486080;1938584;1666312;159920
382;2020-07-05;20:34:52;1;0.22;3.64;3515540;2559492;3862452;1486080;1938612;1666324;159936
383;2020-07-05;20:34:57;1;0.23;3.64;3516088;2558956;3861916;1486080;1938600;1666304;159944
384;2020-07-05;20:35:02;7;0.23;3.74;3512196;2560352;3865804;1486080;1941096;1668780;159960
385;2020-07-05;20:35:07;6;0.24;3.74;3500668;2571860;3877324;1486080;1941116;1668792;159968
386;2020-07-05;20:35:12;7;0.24;3.74;3501388;2571132;3876604;1486080;1941124;1668792;159976
387;2020-07-05;20:35:17;5;0.25;3.74;3503104;2569400;3874896;1486080;1941140;1668808;159976
388;2020-07-05;20:35:22;5;0.25;3.8;3507800;2563332;3870204;1486080;1942512;1670144;160012
389;2020-07-05;20:35:27;7;0.26;3.91;3514144;2554460;3863860;1486080;1945040;1672616;160068
390;2020-07-05;20:35:32;6;0.26;3.91;3514548;2554036;3863460;1486080;1945060;1672620;160084
391;2020-07-05;20:35:38;0;0.27;3.98;3518712;2548060;3859248;1486080;1946872;1674388;160092
392;2020-07-05;20:35:43;3;0.27;4.09;3525880;2538392;3852072;1486080;1949372;1676812;160100
393;2020-07-05;20:35:48;1;0.28;4.08;3525204;2539056;3852744;1486080;1949384;1676816;160108
394;2020-07-05;20:35:53;5;0.28;4.08;3525132;2539120;3852820;1486080;1949392;1676816;160116
395;2020-07-05;20:35:58;3;0.29;4.08;3524668;2539572;3853284;1486080;1949404;1676828;160116
396;2020-07-05;20:36:03;1;0.29;4.08;3525244;2538976;3852708;1486080;1949424;1676832;160132
397;2020-07-05;20:36:08;6;0.3;4.17;3510056;2552028;3867868;1486080;1951560;1678904;160140
398;2020-07-05;20:36:13;0;0.3;4.18;3503036;2559040;3874888;1486080;1951568;1678904;160148
399;2020-07-05;20:36:18;6;0.31;4.17;3502972;2558848;3874948;1486080;1951824;1679140;160164
400;2020-07-05;20:36:23;3;0.31;4.17;3503788;2558024;3874132;1486080;1951832;1679140;160172
401;2020-07-05;20:36:28;0;0.32;4.17;3502800;2559012;3875120;1486080;1951832;1679140;160172
402;2020-07-05;20:36:33;3;0.32;4.17;3503836;2557944;3874084;1486080;1951864;1679156;160188
403;2020-07-05;20:36:38;6;0.33;4.28;3513120;2546480;3864776;1486080;1954044;1681272;160196
404;2020-07-05;20:36:44;3;0.33;4.47;3524724;2544592;3867504;1486080;1944328;1671404;160204
405;2020-07-05;20:36:49;6;0.34;4.56;3472252;2589456;3913760;1486080;1951936;1678920;160220
406;2020-07-05;20:36:54;0;0.34;4.56;3468764;2538040;3862428;1486080;2006840;1733796;160228
407;2020-07-05;20:36:59;5;0.35;4.58;3450576;2555788;3880584;1486080;2007280;1734184;160236
408;2020-07-05;20:37:04;4;0.36;4.59;3452568;2553768;3878604;1486080;2007308;1734188;160260
409;2020-07-05;20:37:09;3;0.36;4.63;3454708;2550616;3876436;1486080;2008320;1735164;160268
410;2020-07-05;20:37:14;5;0.37;4.63;3449720;2555584;3881436;1486080;2008340;1735176;160276
411;2020-07-05;20:37:19;4;0.37;4.66;3447972;2557196;3883176;1486080;2008476;1735304;160284
412;2020-07-05;20:37:24;4;0.38;4.65;3449672;2555496;3881484;1486080;2008476;1735296;160292
413;2020-07-05;20:37:29;4;0.39;4.65;3449132;2556008;3882016;1486080;2008504;1735316;160300
414;2020-07-05;20:37:34;4;0.39;4.67;3441052;2646172;3972164;1486080;1926420;1653224;160308
415;2020-07-05;20:37:39;7;0.39;4.81;3476824;2572412;3901636;1486080;1964408;1693164;160324
416;2020-07-05;20:37:44;3;0.4;4.82;3471388;2594468;3923996;1486080;1947788;1674448;160332
417;2020-07-05;20:37:50;2;0.4;4.92;3465720;2598552;3930320;1486080;1949372;1675956;160348
418;2020-07-05;20:37:55;5;0.41;4.93;3467376;2596880;3928676;1486080;1949388;1675972;160348
419;2020-07-05;20:38:00;3;0.41;4.99;3475048;2587620;3920956;1486080;1950976;1677504;160364
420;2020-07-05;20:38:05;7;0.42;4.99;3474908;2587764;3921120;1486080;1950972;1677500;160364
421;2020-07-05;20:38:10;2;0.42;5.02;3473956;2588664;3922068;1486080;1951024;1677536;160380
422;2020-07-05;20:38:15;7;0.43;5.02;3430116;2632504;3965912;1486080;1951024;1677536;160380
423;2020-07-05;20:38:20;7;0.43;5.01;3431348;2631232;3964664;1486080;1951064;1677560;160396
424;2020-07-05;20:38:25;5;0.44;5.01;3432640;2629944;3963388;1486080;1951060;1677556;160396
425;2020-07-05;20:38:30;2;0.44;5.01;3434848;2627708;3961168;1486080;1951088;1677568;160412
426;2020-07-05;20:38:35;5;0.45;5.01;3434036;2628528;3961996;1486080;1951080;1677560;160412
427;2020-07-05;20:38:40;1;0.45;5.01;3431172;2631368;3964844;1486080;1951104;1677568;160428
428;2020-07-05;20:38:45;5;0.45;5.05;3428368;2651108;3984644;1486080;1934168;1660532;160428
429;2020-07-05;20:38:50;6;0.45;5.07;3447600;2601700;3935480;1486080;1964344;1690660;160444
430;2020-07-05;20:38:56;2;0.46;5.28;3465672;2593884;3932620;1486080;1954088;1680288;160452
431;2020-07-05;20:39:01;4;0.46;5.37;3473832;2583684;3924500;1486080;1956128;1682248;160468
432;2020-07-05;20:39:06;3;0.47;5.45;3475348;2580264;3922924;1486080;1958032;1684084;160484
433;2020-07-05;20:39:11;1;0.47;5.54;3483432;2570020;3914856;1486080;1960192;1686180;160500
434;2020-07-05;20:39:16;5;0.47;5.54;3487544;2565908;3910760;1486080;1960192;1686180;160500
435;2020-07-05;20:39:21;2;0.48;5.62;3491804;2559772;3906460;1486080;1962068;1687988;160516
436;2020-07-05;20:39:26;0;0.48;5.64;3493520;2557560;3904752;1486080;1962564;1688472;160516
437;2020-07-05;20:39:31;0;0.49;5.7;3499268;2550260;3898960;1486080;1964116;1689968;160540
438;2020-07-05;20:39:36;1;0.49;5.7;3500128;2549400;3898132;1486080;1964116;1689960;160548
439;2020-07-05;20:39:41;6;0.49;5.76;3500224;2547872;3898012;1486080;1965548;1691344;160556
440;2020-07-05;20:39:46;2;0.5;5.75;3502908;2545196;3895336;1486080;1965540;1691336;160556
441;2020-07-05;20:39:51;6;0.5;5.83;3505152;2541084;3893056;1486080;1967408;1693148;160572
442;2020-07-05;20:39:56;0;0.5;5.83;3506540;2539692;3891676;1486080;1967412;1693152;160572
443;2020-07-05;20:40:01;7;0.51;5.9;3510488;2533836;3887712;1486080;1969320;1694980;160604
444;2020-07-05;20:40:07;5;0.51;5.9;3510444;2533880;3887756;1486080;1969320;1694980;160604
445;2020-07-05;20:40:12;1;0.52;5.91;3512192;2532104;3886004;1486080;1969348;1694992;160620
446;2020-07-05;20:40:17;4;0.52;5.99;3513368;2528392;3884280;1486080;1971884;1697472;160628
447;2020-07-05;20:40:22;0;0.52;5.98;3515664;2526600;3882512;1486080;1971380;1696960;160636
448;2020-07-05;20:40:27;2;0.53;6.08;3521152;2518616;3876964;1486080;1973876;1699380;160644
449;2020-07-05;20:40:32;3;0.53;6.08;3518788;2520968;3879348;1486080;1973888;1699384;160652
450;2020-07-05;20:40:37;1;0.53;6.08;3518576;2521080;3879560;1486080;1973988;1699476;160660
451;2020-07-05;20:40:42;5;0.54;6.08;3515220;2524428;3882916;1486080;1973996;1699476;160668
452;2020-07-05;20:40:47;4;0.54;6.08;3517004;2522640;3881136;1486080;1974000;1699480;160668
453;2020-07-05;20:40:52;0;0.54;6.14;3519260;2518836;3878852;1486080;1975548;1700976;160684
454;2020-07-05;20:40:57;0;0.55;6.15;3521104;2516972;3877024;1486080;1975568;1700988;160692
455;2020-07-05;20:41:02;2;0.55;6.15;3521876;2516192;3876248;1486080;1975576;1700988;160700
456;2020-07-05;20:41:07;3;0.56;6.25;3518116;2517464;3879984;1486080;1978064;1703416;160700
457;2020-07-05;20:41:13;4;0.56;6.24;3482512;2553044;3915584;1486080;1978088;1703424;160716
458;2020-07-05;20:41:18;0;0.56;6.24;3482300;2553016;3915792;1486080;1978328;1703652;160724
459;2020-07-05;20:41:23;7;0.57;6.34;3487652;2545132;3910408;1486080;1980860;1706112;160732
460;2020-07-05;20:41:28;7;0.57;6.35;3488268;2544496;3909792;1486080;1980880;1706124;160740
461;2020-07-05;20:41:33;0;0.57;6.35;3486404;2546336;3911656;1486080;1980904;1706140;160748
462;2020-07-05;20:41:38;1;0.58;6.42;3492112;2538748;3905924;1486080;1982784;1707964;160756
463;2020-07-05;20:41:43;5;0.58;6.5;3501572;2527352;3896440;1486080;1984720;1709832;160772
464;2020-07-05;20:41:48;3;0.58;6.5;3501828;2527084;3896184;1486080;1984732;1709836;160780
465;2020-07-05;20:41:53;3;0.59;6.49;3500628;2528276;3897384;1486080;1984740;1709836;160788
466;2020-07-05;20:41:58;3;0.59;6.51;3501048;2527844;3896968;1486080;1984752;1709848;160788
467;2020-07-05;20:42:03;1;0.59;6.5;3501080;2527796;3896932;1486080;1984768;1709848;160804
468;2020-07-05;20:42:08;6;0.6;6.51;3492084;2537028;3906212;1486080;1984532;1709604;160812
469;2020-07-05;20:42:13;5;0.6;6.79;3436476;2593936;3969612;1486080;1983232;1708132;160820
470;2020-07-05;20:42:19;3;0.61;7.06;3464732;2534532;3916228;1486080;2014380;1739200;160836
471;2020-07-05;20:42:24;4;0.62;7.08;3447552;2561688;3943792;1486080;2004404;1729224;160844
472;2020-07-05;20:42:29;5;0.62;7.15;3454784;2551320;3935148;1486080;2007540;1732284;160852
473;2020-07-05;20:42:34;1;0.63;7.26;3462860;2540724;3927084;1486080;2010060;1734712;160876
474;2020-07-05;20:42:39;6;0.63;7.26;3462328;2541272;3927652;1486080;2010044;1734688;160884
475;2020-07-05;20:42:44;1;0.64;7.38;3467740;2533088;3921648;1486080;2012816;1737640;160892
476;2020-07-05;20:42:49;5;0.64;7.46;3474220;2525312;3915872;1486080;2014112;1738608;160900
477;2020-07-05;20:42:54;7;0.65;7.53;3479892;2517768;3910000;1486080;2015984;1740424;160908
478;2020-07-05;20:42:59;6;0.66;7.53;3477076;2520544;3912812;1486080;2016024;1740444;160916
479;2020-07-05;20:43:04;3;0.66;7.62;3481828;2513744;3908044;1486080;2018072;1742432;160924
480;2020-07-05;20:43:09;1;0.67;7.7;3487284;2506248;3902564;1486080;2020112;1744408;160932
481;2020-07-05;20:43:14;6;0.67;7.71;3487988;2505404;3901856;1486080;2020252;1744536;160940
482;2020-07-05;20:43:19;3;0.68;7.71;3474500;2518868;3915344;1486080;2020276;1744540;160956
483;2020-07-05;20:43:25;7;0.68;7.72;3459168;2534176;3930672;1486080;2020300;1744552;160964
484;2020-07-05;20:43:30;7;0.69;7.76;3463088;2529092;3926728;1486080;2021464;1745676;160972
485;2020-07-05;20:43:35;1;0.69;7.76;3463420;2528744;3926408;1486080;2021480;1745680;160980
486;2020-07-05;20:43:40;7;0.7;7.76;3463632;2528344;3926184;1486080;2021668;1745856;160988
487;2020-07-05;20:43:45;5;0.7;7.76;3463692;2528276;3926132;1486080;2021676;1745852;160996
488;2020-07-05;20:43:50;0;0.71;7.76;3462440;2529500;3927372;1486080;2021704;1745864;161012
489;2020-07-05;20:43:55;2;0.71;7.76;3462344;2529588;3927480;1486080;2021712;1745868;161012
490;2020-07-05;20:44:00;0;0.72;7.76;3463168;2528328;3926592;1486080;2022148;1746232;161040
491;2020-07-05;20:44:05;2;0.72;7.76;3462808;2528704;3926976;1486080;2022132;1746216;161040
492;2020-07-05;20:44:10;3;0.73;7.75;3461184;2530380;3928628;1486080;2022080;1746224;161064
493;2020-07-05;20:44:15;0;0.74;7.75;3468164;2523404;3921664;1486080;2022076;1746216;161064
494;2020-07-05;20:44:20;1;0.74;7.76;3469868;2521652;3919940;1486080;2022124;1746240;161080
495;2020-07-05;20:44:25;5;0.75;7.76;3460740;2530776;3929072;1486080;2022128;1746244;161080
496;2020-07-05;20:44:31;3;0.75;7.75;3462396;2529096;3927420;1486080;2022152;1746252;161096
497;2020-07-05;20:44:36;1;0.75;7.79;3456768;2557108;3955516;1486080;1999768;1723864;161096
498;2020-07-05;20:44:41;6;0.75;7.84;3458644;2526640;3925844;1486080;2028360;1752424;161112
499;2020-07-05;20:44:46;0;0.76;8;3466892;2521048;3923340;1486080;2025704;1749624;161120
500;2020-07-05;20:44:51;4;0.76;8;3456664;2532056;3934428;1486080;2024924;1748824;161136
501;2020-07-05;20:44:56;3;0.77;8;3452336;2536380;3938772;1486080;2024928;1748828;161136
502;2020-07-05;20:45:01;5;0.77;8;3454924;2533732;3936168;1486080;2024988;1748872;161152
503;2020-07-05;20:45:06;1;0.77;8;3453932;2534720;3937172;1486080;2024992;1748868;161160
504;2020-07-05;20:45:11;6;0.78;8.04;3443560;2551348;3953828;1486080;2018736;1742596;161168
505;2020-07-05;20:45:16;3;0.78;8.04;3442712;2574200;3976768;1486080;1996732;1720584;161176
506;2020-07-05;20:45:21;6;0.78;8.26;3493948;2494532;3902572;1486080;2025164;1748844;161184
507;2020-07-05;20:45:26;2;0.79;8.36;3498580;2488520;3898920;1486080;2026544;1750152;161192
508;2020-07-05;20:45:31;1;0.79;8.47;3507012;2477672;3890544;1486080;2028960;1752468;161224
509;2020-07-05;20:45:37;5;0.79;8.51;3504640;2478840;3892812;1486080;2030164;1753624;161232
510;2020-07-05;20:45:42;0;0.8;8.59;3506420;2475056;3891060;1486080;2032168;1755668;161248
511;2020-07-05;20:45:47;1;0.8;8.67;3497552;2481912;3899900;1486080;2034180;1757632;161248
512;2020-07-05;20:45:52;7;0.8;8.69;3488348;2490564;3909052;1486080;2034732;1758156;161264
513;2020-07-05;20:45:57;6;0.81;8.75;3489724;2487864;3907712;1486080;2036056;1759436;161272
514;2020-07-05;20:46:02;3;0.81;8.74;3491280;2486280;3906136;1486080;2036084;1759452;161280
515;2020-07-05;20:46:07;0;0.81;8.76;3493696;2483600;3903728;1486080;2036348;1760040;161288
516;2020-07-05;20:46:12;4;0.82;8.83;3493784;2481464;3903620;1486080;2038396;1761688;161304
517;2020-07-05;20:46:17;3;0.82;8.83;3494492;2480296;3902880;1486080;2038856;1762140;161304
518;2020-07-05;20:46:22;4;0.82;8.83;3494440;2480536;3902960;1486080;2038668;1761928;161328
519;2020-07-05;20:46:27;3;0.83;8.84;3492884;2482080;3904516;1486080;2038680;1761940;161328
520;2020-07-05;20:46:32;3;0.83;8.84;3494168;2480776;3903228;1486080;2038700;1761940;161344
521;2020-07-05;20:46:37;7;0.83;8.84;3493064;2481808;3904332;1486080;2038772;1762004;161352
522;2020-07-05;20:46:42;1;0.84;8.93;3495396;2477260;3901960;1486080;2040988;1764144;161368
523;2020-07-05;20:46:47;1;0.84;8.93;3496336;2476312;3901028;1486080;2040996;1764144;161376
524;2020-07-05;20:46:53;5;0.85;8.93;3494844;2477792;3902524;1486080;2041008;1764148;161384
525;2020-07-05;20:46:58;3;0.85;8.93;3494012;2478268;3903240;1486080;2041364;1764500;161384
526;2020-07-05;20:47:03;6;0.85;9.02;3496432;2473656;3900900;1486080;2043556;1766612;161400
527;2020-07-05;20:47:08;4;0.86;9.02;3497160;2472928;3900172;1486080;2043556;1766612;161400
528;2020-07-05;20:47:13;2;0.86;9.02;3496420;2473648;3900912;1486080;2043576;1766616;161416
529;2020-07-05;20:47:18;7;0.86;9.02;3498560;2471492;3898760;1486080;2043592;1766620;161424
530;2020-07-05;20:47:23;4;0.87;9.1;3500448;2467480;3896856;1486080;2045716;1768684;161432
531;2020-07-05;20:47:28;1;0.87;9.11;3501772;2466132;3895528;1486080;2045740;1768696;161440
532;2020-07-05;20:47:33;4;0.87;9.1;3502864;2465032;3894440;1486080;2045748;1768696;161448
533;2020-07-05;20:47:38;7;0.88;9.1;3502676;2465212;3894628;1486080;2045756;1768696;161456
534;2020-07-05;20:47:43;1;0.88;9.2;3507164;2458304;3890116;1486080;2048176;1771052;161464
535;2020-07-05;20:47:48;1;0.88;9.19;3508308;2457156;3888968;1486080;2048180;1771048;161472
536;2020-07-05;20:47:53;0;0.89;9.19;3507512;2457936;3889768;1486080;2048196;1771056;161480
537;2020-07-05;20:47:58;4;0.89;9.19;3500872;2464560;3896404;1486080;2048212;1771068;161480
538;2020-07-05;20:48:04;2;0.89;9.2;3501860;2463520;3895396;1486080;2048264;1771096;161496
539;2020-07-05;20:48:09;5;0.9;9.2;3503312;2462056;3893952;1486080;2048276;1771096;161504
540;2020-07-05;20:48:14;4;0.9;9.25;3506672;2458136;3890592;1486080;2048836;1771976;161512
541;2020-07-05;20:48:19;2;0.9;9.31;3508764;2454204;3888480;1486080;2050676;1773428;161520
542;2020-07-05;20:48:24;5;0.91;9.32;3509976;2452968;3887268;1486080;2050700;1773432;161536
543;2020-07-05;20:48:29;3;0.91;9.41;3513700;2446936;3883476;1486080;2053008;1775664;161544
544;2020-07-05;20:48:34;0;0.92;9.41;3514432;2446196;3882776;1486080;2053016;1775664;161552
545;2020-07-05;20:48:39;1;0.92;9.41;3515856;2444744;3881332;1486080;2053044;1775684;161560
546;2020-07-05;20:48:44;6;0.92;9.41;3515708;2444888;3881500;1486080;2053048;1775680;161568
547;2020-07-05;20:48:49;1;0.93;9.4;3517124;2443452;3880072;1486080;2053068;1775692;161576
548;2020-07-05;20:48:54;1;0.93;9.4;3517160;2443416;3880048;1486080;2053068;1775684;161584
549;2020-07-05;20:48:59;6;0.93;9.48;3513952;2444596;3883224;1486080;2055096;1777656;161592
550;2020-07-05;20:49:04;3;0.94;9.48;3512320;2446228;3884864;1486080;2055096;1777648;161600
551;2020-07-05;20:49:10;2;0.94;9.58;3516612;2439404;3880528;1486080;2057628;1780108;161608
552;2020-07-05;20:49:15;7;0.94;9.58;3515796;2440220;3881356;1486080;2057628;1780100;161616
553;2020-07-05;20:49:20;0;0.95;9.58;3521264;2434728;3875888;1486080;2057652;1780116;161624
554;2020-07-05;20:49:25;5;0.95;9.65;3525964;2428224;3871168;1486080;2059456;1781860;161640
555;2020-07-05;20:49:30;6;0.95;9.64;3526768;2427400;3870364;1486080;2059476;1781872;161648
556;2020-07-05;20:49:35;2;0.96;9.73;3531328;2420632;3865764;1486080;2061684;1784016;161656
557;2020-07-05;20:49:40;1;0.96;9.73;3532816;2419104;3864276;1486080;2061724;1784032;161680
558;2020-07-05;20:49:45;0;0.96;9.73;3533204;2418712;3863900;1486080;2061728;1784028;161688
559;2020-07-05;20:49:50;7;0.97;9.81;3537140;2412864;3859888;1486080;2063640;1785868;161704
560;2020-07-05;20:49:55;4;0.97;9.82;3537992;2411996;3859072;1486080;2063656;1785880;161704
561;2020-07-05;20:50:00;5;0.97;9.81;3537468;2412472;3859568;1486080;2063704;1785908;161720
562;2020-07-05;20:50:05;0;0.98;9.91;3532704;2414728;3864336;1486080;2066212;1788356;161720
563;2020-07-05;20:50:10;3;0.98;9.91;3523448;2423948;3873576;1486080;2066248;1788368;161744
564;2020-07-05;20:50:16;3;0.98;9.91;3525676;2421728;3871364;1486080;2066240;1788360;161744
565;2020-07-05;20:50:21;3;0.99;9.99;3526992;2418268;3870012;1486080;2068384;1790432;161760
566;2020-07-05;20:50:26;4;0.99;9.99;3527812;2417436;3869200;1486080;2068396;1790444;161760
567;2020-07-05;20:50:31;3;1;10.03;3531848;2412336;3865128;1486080;2069460;1791468;161776
568;2020-07-05;20:50:36;5;1;10.06;3533128;2410296;3863864;1486080;2070220;1792204;161784
569;2020-07-05;20:50:41;6;1;10.06;3533364;2410020;3863616;1486080;2070260;1792228;161800
570;2020-07-05;20:50:46;0;1.01;10.06;3535112;2408280;3861880;1486080;2070252;1792220;161800
571;2020-07-05;20:50:51;1;1.01;10.06;3534320;2409044;3862664;1486080;2070280;1792232;161816
572;2020-07-05;20:50:56;7;1.01;10.13;3538088;2403672;3858876;1486080;2071884;1793780;161824
573;2020-07-05;20:51:01;2;1.02;10.13;3539056;2402672;3857892;1486080;2071916;1793804;161832
574;2020-07-05;20:51:06;3;1.02;10.35;3551628;2385280;3845164;1486080;2076736;1799184;161840
575;2020-07-05;20:51:11;1;1.02;10.38;3535548;2400096;3861340;1486080;2078000;1799716;161848
576;2020-07-05;20:51:16;2;1.03;10.38;3537592;2397720;3859192;1486080;2078332;1800040;161856
577;2020-07-05;20:51:22;1;1.03;10.45;3541248;2392356;3855624;1486080;2080040;1801688;161872
578;2020-07-05;20:51:27;4;1.03;10.45;3543512;2390064;3853352;1486080;2080068;1801700;161880
579;2020-07-05;20:51:32;1;1.04;10.56;3549724;2380952;3847104;1486080;2082968;1804516;161896
580;2020-07-05;20:51:37;1;1.04;10.56;3550960;2379708;3845868;1486080;2082976;1804516;161904
581;2020-07-05;20:51:42;3;1.04;10.56;3551484;2379168;3845340;1486080;2082992;1804520;161912
582;2020-07-05;20:51:47;5;1.05;10.56;3552484;2378152;3844336;1486080;2083008;1804524;161920
583;2020-07-05;20:51:52;3;1.05;10.56;3551012;2379612;3845816;1486080;2083020;1804528;161928
584;2020-07-05;20:51:57;6;1.05;10.56;3552648;2377956;3844172;1486080;2083040;1804540;161936
585;2020-07-05;20:52:02;4;1.06;10.57;3552888;2377420;3843936;1486080;2083336;1804816;161948
586;2020-07-05;20:52:07;4;1.06;10.65;3554672;2373616;3842124;1486080;2085356;1806772;161956
587;2020-07-05;20:52:12;1;1.06;10.65;3550316;2377960;3846480;1486080;2085368;1806776;161964
588;2020-07-05;20:52:17;1;1.07;10.65;3544212;2384056;3852576;1486080;2085376;1806776;161972
589;2020-07-05;20:52:22;6;1.07;10.65;3546964;2381292;3849832;1486080;2085388;1806780;161980
590;2020-07-05;20:52:27;1;1.07;10.64;3548008;2380228;3848788;1486080;2085408;1806792;161988
591;2020-07-05;20:52:33;6;1.08;10.64;3548716;2379480;3848080;1486080;2085448;1806792;162028
592;2020-07-05;20:52:38;2;1.08;10.71;3552816;2373524;3843956;1486080;2087304;1808588;162036
593;2020-07-05;20:52:43;7;1.08;10.71;3553988;2372324;3842760;1486080;2087332;1808604;162044
594;2020-07-05;20:52:48;1;1.09;10.71;3555128;2371176;3841640;1486080;2087340;1808604;162052
595;2020-07-05;20:52:53;1;1.09;10.76;3559700;2365392;3837020;1486080;2088552;1809800;162060
596;2020-07-05;20:52:58;1;1.09;10.79;3559540;2364632;3837196;1486080;2089472;1810672;162068
597;2020-07-05;20:53:03;2;1.1;10.79;3560088;2364076;3836656;1486080;2089480;1810672;162076
598;2020-07-05;20:53:08;6;1.1;10.82;3565312;2358056;3831368;1486080;2090276;1811440;162084
599;2020-07-05;20:53:13;4;1.1;10.88;3566416;2355368;3830292;1486080;2091860;1812960;162100
600;2020-07-05;20:53:18;0;1.11;10.88;3562776;2359000;3833932;1486080;2091868;1812960;162108
601;2020-07-05;20:53:23;3;1.11;10.88;3565520;2356232;3831188;1486080;2091892;1812976;162116
602;2020-07-05;20:53:28;5;1.11;10.88;3565064;2356668;3831644;1486080;2091912;1812988;162124
603;2020-07-05;20:53:34;4;1.12;10.88;3564676;2357048;3832044;1486080;2091920;1812988;162132
604;2020-07-05;20:53:39;2;1.12;10.87;3565120;2356592;3831588;1486080;2091932;1812992;162140
605;2020-07-05;20:53:44;0;1.12;10.96;3569636;2350392;3826956;1486080;2093616;1814632;162148
606;2020-07-05;20:53:49;3;1.13;10.96;3570888;2349068;3825800;1486080;2093688;1814688;162156
607;2020-07-05;20:53:54;7;1.13;11.04;3576580;2341572;3820312;1486080;2095492;1816440;162164
608;2020-07-05;20:53:59;7;1.13;11.05;3574848;2342956;3821816;1486080;2095840;1816772;162172
609;2020-07-05;20:54:04;4;1.14;11.05;3574940;2342856;3821736;1486080;2095848;1816772;162180
610;2020-07-05;20:54:09;3;1.14;11.06;3580224;2337300;3816448;1486080;2096120;1817028;162188
611;2020-07-05;20:54:14;1;1.14;11.12;3579176;2336696;3817476;1486080;2097772;1818632;162196
612;2020-07-05;20:54:19;4;1.15;11.14;3592072;2323176;3804444;1486080;2098396;1819240;162204
613;2020-07-05;20:54:24;1;1.15;11.2;3593316;2320620;3803308;1486080;2099708;1820480;162228
614;2020-07-05;20:54:29;5;1.15;11.19;3594164;2319748;3802448;1486080;2099732;1820504;162228
615;2020-07-05;20:54:34;1;1.16;11.23;3597440;2315408;3799152;1486080;2100796;1821520;162244
616;2020-07-05;20:54:40;0;1.16;11.29;3598240;2313200;3798344;1486080;2102204;1822884;162252
617;2020-07-05;20:54:45;4;1.16;11.28;3599920;2311512;3796668;1486080;2102212;1822884;162260
618;2020-07-05;20:54:50;3;1.17;11.28;3601052;2310372;3795536;1486080;2102220;1822884;162268
619;2020-07-05;20:54:55;3;1.17;11.28;3597744;2313668;3798844;1486080;2102232;1822888;162276
620;2020-07-05;20:55:00;5;1.17;11.28;3596980;2314412;3799600;1486080;2102252;1822908;162276
621;2020-07-05;20:55:05;4;1.18;11.28;3596744;2314640;3799844;1486080;2102260;1822900;162292
622;2020-07-05;20:55:10;5;1.18;11.27;3597424;2313940;3799156;1486080;2102280;1822912;162300
623;2020-07-05;20:55:15;4;1.18;11.35;3599328;2309952;3797232;1486080;2104364;1824920;162324
624;2020-07-05;20:55:20;6;1.19;11.36;3601424;2307828;3795128;1486080;2104392;1824936;162332
625;2020-07-05;20:55:25;1;1.19;11.41;3604852;2303096;3791596;1486080;2105696;1826224;162340
626;2020-07-05;20:55:30;0;1.19;11.45;3607948;2298836;3788572;1486080;2106860;1827324;162348
627;2020-07-05;20:55:35;0;1.2;11.45;3608516;2298264;3788012;1486080;2106864;1827320;162356
628;2020-07-05;20:55:40;6;1.2;11.44;3607804;2298952;3788708;1486080;2106888;1827324;162372
629;2020-07-05;20:55:46;7;1.2;11.44;3608244;2298512;3788276;1486080;2106888;1827324;162372
630;2020-07-05;20:55:51;0;1.21;11.46;3612352;2293852;3784132;1486080;2107440;1827848;162388
631;2020-07-05;20:55:56;5;1.21;11.51;3612188;2292784;3784264;1486080;2108672;1829048;162388
632;2020-07-05;20:56:01;5;1.21;11.51;3613968;2290960;3782504;1486080;2108716;1829076;162404
633;2020-07-05;20:56:06;4;1.22;11.51;3616824;2288120;3779680;1486080;2108700;1829060;162404
634;2020-07-05;20:56:11;0;1.22;11.6;3617652;2284764;3778808;1486080;2111228;1831512;162420
635;2020-07-05;20:56:16;4;1.22;11.6;3621960;2280456;3774512;1486080;2111228;1831512;162420
636;2020-07-05;20:56:21;5;1.23;11.6;3619928;2282192;3776520;1486080;2111524;1831768;162448
637;2020-07-05;20:56:26;7;1.23;11.62;3624396;2277108;3771944;1486080;2112140;1832368;162456
638;2020-07-05;20:56:31;4;1.23;11.69;3625292;2274648;3771128;1486080;2113704;1833872;162464
639;2020-07-05;20:56:36;1;1.24;11.68;3629704;2270236;3766724;1486080;2113704;1833864;162472
640;2020-07-05;20:56:41;3;1.24;11.68;3629456;2270444;3766952;1486080;2113744;1833888;162488
641;2020-07-05;20:56:46;0;1.24;11.68;3629144;2270756;3767292;1486080;2113744;1833880;162496
642;2020-07-05;20:56:52;1;1.25;11.69;3631500;2268048;3764824;1486080;2114096;1834224;162504
643;2020-07-05;20:56:57;2;1.25;11.74;3632228;2265968;3764192;1486080;2115448;1835528;162512
644;2020-07-05;20:57:02;0;1.25;11.74;3634260;2263928;3762148;1486080;2115456;1835528;162520
645;2020-07-05;20:57:07;5;1.26;11.81;3636008;2260240;3760324;1486080;2117396;1837412;162528
646;2020-07-05;20:57:12;4;1.26;11.81;3642056;2254180;3754328;1486080;2117408;1837416;162536
647;2020-07-05;20:57:17;5;1.26;11.89;3642080;2252088;3754208;1486080;2119476;1839420;162544
648;2020-07-05;20:57:22;6;1.27;11.89;3643236;2250908;3753120;1486080;2119500;1839436;162552
649;2020-07-05;20:57:27;1;1.27;11.91;3644356;2249428;3751880;1486080;2119860;1839788;162560
650;2020-07-05;20:57:32;1;1.27;11.97;3645316;2246728;3751024;1486080;2121600;1841468;162568
651;2020-07-05;20:57:37;7;1.28;11.97;3645332;2246704;3751000;1486080;2121608;1841468;162576
652;2020-07-05;20:57:42;1;1.28;11.96;3648848;2243180;3747492;1486080;2121616;1841468;162584
653;2020-07-05;20:57:47;6;1.28;11.96;3647280;2244740;3749052;1486080;2121624;1841468;162592
654;2020-07-05;20:57:52;7;1.28;11.96;3648580;2243428;3747760;1486080;2121636;1841472;162600
655;2020-07-05;20:57:58;3;1.29;11.96;3648608;2243376;3747728;1486080;2121660;1841488;162608
656;2020-07-05;20:58:03;2;1.29;11.98;3650676;2241004;3745656;1486080;2121964;1841776;162616
657;2020-07-05;20:58:08;1;1.29;12;3652652;2239008;3743664;1486080;2121984;1842128;162624
658;2020-07-05;20:58:13;7;1.3;12.08;3648432;2240952;3747868;1486080;2124260;1843996;162632
659;2020-07-05;20:58:18;1;1.3;12.16;3617992;2269428;3778284;1486080;2126224;1845904;162640
660;2020-07-05;20:58:23;5;1.3;12.15;3619312;2268084;3776964;1486080;2126248;1845908;162656
661;2020-07-05;20:58:28;4;1.31;12.15;3619108;2268268;3777160;1486080;2126268;1845920;162664
662;2020-07-05;20:58:33;1;1.31;12.15;3618904;2268460;3777372;1486080;2126280;1845924;162672
663;2020-07-05;20:58:38;2;1.31;12.15;3619240;2268116;3777028;1486080;2126288;1845924;162680
664;2020-07-05;20:58:43;7;1.32;12.22;3623536;2261868;3772712;1486080;2128240;1847816;162688
665;2020-07-05;20:58:48;3;1.32;12.22;3624464;2260928;3771780;1486080;2128252;1847816;162696
666;2020-07-05;20:58:53;5;1.32;12.31;3627228;2255832;3768936;1486080;2130584;1850084;162704
667;2020-07-05;20:58:58;0;1.33;12.31;3629576;2253464;3766636;1486080;2130604;1850096;162712
668;2020-07-05;20:59:04;5;1.33;12.38;3632960;2248124;3763236;1486080;2132560;1851996;162720
669;2020-07-05;20:59:09;4;1.33;12.38;3633488;2247588;3762708;1486080;2132568;1851996;162728
670;2020-07-05;20:59:14;2;1.34;12.38;3624864;2256204;3771332;1486080;2132576;1851996;162736
671;2020-07-05;20:59:19;4;1.34;12.38;3625372;2255688;3770816;1486080;2132584;1851996;162744
672;2020-07-05;20:59:24;3;1.34;12.39;3626336;2254688;3769860;1486080;2132620;1852024;162752
673;2020-07-05;20:59:29;3;1.35;12.46;3632860;2246308;3763316;1486080;2134476;1853824;162760
674;2020-07-05;20:59:34;3;1.35;12.46;3632136;2247000;3764040;1486080;2134508;1853832;162784
675;2020-07-05;20:59:39;4;1.35;12.46;3633292;2245832;3762880;1486080;2134520;1853836;162792
676;2020-07-05;20:59:44;4;1.36;12.46;3633252;2245868;3762924;1486080;2134524;1853832;162800
677;2020-07-05;20:59:49;3;1.36;12.54;3636968;2240000;3759164;1486080;2136676;1855912;162820
678;2020-07-05;20:59:54;7;1.36;12.53;3640820;2236144;3755328;1486080;2136680;1855908;162828
679;2020-07-05;20:59:59;5;1.37;12.6;3642564;2232480;3753552;1486080;2138600;1857780;162828
680;2020-07-05;21:00:04;4;1.37;12.7;3644700;2228276;3751396;1486080;2140668;1859764;162852
681;2020-07-05;21:00:10;7;1.37;12.7;3646196;2226756;3749884;1486080;2140692;1859780;162860
682;2020-07-05;21:00:15;3;1.38;12.7;3645160;2227792;3750936;1486080;2140692;1859772;162868
683;2020-07-05;21:00:20;5;1.38;12.7;3629160;2243788;3766936;1486080;2140696;1859776;162868
684;2020-07-05;21:00:25;5;1.38;12.8;3631288;2239048;3764776;1486080;2143308;1862308;162884
685;2020-07-05;21:00:30;2;1.39;12.8;3633508;2236800;3762548;1486080;2143336;1862328;162892
686;2020-07-05;21:00:35;5;1.39;12.79;3633028;2237252;3763016;1486080;2143364;1862340;162900
687;2020-07-05;21:00:40;0;1.39;12.79;3632572;2237692;3763464;1486080;2143380;1862344;162908
688;2020-07-05;21:00:45;6;1.4;12.79;3633312;2236652;3762696;1486080;2143680;1862348;163204
689;2020-07-05;21:00:50;1;1.4;12.86;3630992;2237060;3765028;1486080;2145592;1864204;163212
690;2020-07-05;21:00:55;6;1.4;12.86;3631468;2236572;3764564;1486080;2145604;1864208;163220
691;2020-07-05;21:01:00;6;1.4;12.86;3632108;2235908;3763900;1486080;2145628;1864224;163228
692;2020-07-05;21:01:05;0;1.41;12.86;3631660;2236364;3764372;1486080;2145620;1864208;163236
693;2020-07-05;21:01:10;5;1.41;12.95;3634256;2230812;3761628;1486080;2148576;1867092;163244
694;2020-07-05;21:01:16;0;1.41;12.95;3634716;2230200;3761156;1486080;2148728;1867236;163252
695;2020-07-05;21:01:21;3;1.42;12.95;3630880;2233740;3764968;1486080;2149024;1867492;163268
696;2020-07-05;21:01:26;3;1.42;13.45;3625132;2239188;3770596;1486080;2149324;1867496;163320
697;2020-07-05;21:01:31;3;1.43;13.52;3630100;2232240;3765628;1486080;2151304;1869456;163336
698;2020-07-05;21:01:36;2;1.43;13.52;3628292;2234048;3767444;1486080;2151304;1869456;163336
699;2020-07-05;21:01:41;6;1.43;13.52;3628888;2233428;3766832;1486080;2151328;1869464;163352
700;2020-07-05;21:01:46;3;1.44;13.52;3629420;2232904;3766316;1486080;2151320;1869456;163352
701;2020-07-05;21:01:51;5;1.44;13.6;3633152;2227080;3762528;1486080;2153412;1871532;163368
702;2020-07-05;21:01:56;2;1.44;13.6;3634256;2225952;3761476;1486080;2153436;1871536;163384
703;2020-07-05;21:02:01;2;1.45;13.59;3634340;2225836;3761392;1486080;2153468;1871552;163400
704;2020-07-05;21:02:06;6;1.45;13.59;3634932;2225244;3760808;1486080;2153468;1871552;163400
705;2020-07-05;21:02:11;7;1.45;13.59;3634476;2225680;3761256;1486080;2153488;1871556;163416
706;2020-07-05;21:02:16;2;1.46;13.59;3634020;2226136;3761720;1486080;2153488;1871556;163416
707;2020-07-05;21:02:22;2;1.46;13.67;3639084;2219120;3756624;1486080;2155440;1873460;163432
708;2020-07-05;21:02:27;1;1.46;13.7;3634820;2223016;3760768;1486080;2155808;1873828;163432
709;2020-07-05;21:02:32;4;1.47;13.78;3639488;2216204;3756224;1486080;2157952;1875936;163448
710;2020-07-05;21:02:37;3;1.47;13.83;3641916;2213244;3753772;1486080;2158484;1876448;163456
711;2020-07-05;21:02:42;2;1.47;13.85;3641980;2212220;3753696;1486080;2159444;1877376;163464
712;2020-07-05;21:02:47;3;1.48;13.89;3644752;2208392;3750912;1486080;2160500;1878400;163472
713;2020-07-05;21:02:52;0;1.48;13.92;3642852;2209392;3752812;1486080;2161400;1879272;163480
714;2020-07-05;21:02:57;0;1.48;13.92;3644880;2207300;3750776;1486080;2161464;1879284;163496
715;2020-07-05;21:03:02;1;1.49;14.01;3645292;2204464;3750336;1486080;2163888;1881636;163512
716;2020-07-05;21:03:07;0;1.49;14.01;3646720;2203036;3748908;1486080;2163888;1881628;163520
717;2020-07-05;21:03:12;1;1.49;14.01;3646708;2203032;3748920;1486080;2163904;1881636;163528
718;2020-07-05;21:03:17;7;1.5;14.1;3649148;2198104;3746448;1486080;2166392;1884060;163528
719;2020-07-05;21:03:22;2;1.5;14.1;3649416;2197800;3746172;1486080;2166428;1884080;163544
720;2020-07-05;21:03:28;7;1.5;14.1;3649920;2197284;3745676;1486080;2166440;1884092;163544
721;2020-07-05;21:03:33;2;1.5;14.09;3649560;2197624;3746036;1486080;2166460;1884096;163560
722;2020-07-05;21:03:38;3;1.51;14.09;3649496;2197680;3746092;1486080;2166468;1884096;163568
723;2020-07-05;21:03:43;1;1.51;14.09;3649272;2197896;3746316;1486080;2166476;1884096;163576
724;2020-07-05;21:03:48;4;1.51;14.09;3648704;2198464;3746892;1486080;2166476;1884088;163584
725;2020-07-05;21:03:53;7;1.52;14.17;3653336;2191480;3742124;1486080;2168828;1886400;163592
726;2020-07-05;21:03:58;2;1.52;14.18;3654436;2190360;3741116;1486080;2168848;1886380;163608
727;2020-07-05;21:04:03;5;1.52;14.18;3653048;2191724;3742520;1486080;2168872;1886396;163616
728;2020-07-05;21:04:08;6;1.53;14.18;3652180;2192592;3743388;1486080;2168872;1886388;163624
729;2020-07-05;21:04:13;4;1.53;14.17;3652196;2192560;3743372;1486080;2168888;1886396;163632
730;2020-07-05;21:04:18;7;1.53;14.23;3666832;2176416;3728668;1486080;2170396;1887860;163640
731;2020-07-05;21:04:23;7;1.54;14.24;3667712;2175064;3727820;1486080;2170868;1888300;163656
732;2020-07-05;21:04:29;6;1.54;14.24;3667688;2175068;3727852;1486080;2170888;1888312;163664
733;2020-07-05;21:04:34;0;1.54;14.24;3668272;2174472;3727268;1486080;2170900;1888316;163672
734;2020-07-05;21:04:39;1;1.55;14.25;3669492;2173232;3726048;1486080;2170920;1888328;163680
735;2020-07-05;21:04:44;7;1.55;14.3;3670468;2170600;3725056;1486080;2172576;1889940;163688
736;2020-07-05;21:04:49;5;1.55;14.3;3671276;2169776;3724248;1486080;2172592;1889940;163704
737;2020-07-05;21:04:54;1;1.56;14.34;3672596;2167576;3722988;1486080;2173472;1890796;163712
738;2020-07-05;21:04:59;5;1.56;14.4;3673456;2165064;3722036;1486080;2175124;1892392;163720
739;2020-07-05;21:05:04;3;1.56;14.39;3673752;2164752;3721740;1486080;2175140;1892400;163728
740;2020-07-05;21:05:09;1;1.57;14.41;3676724;2161248;3718752;1486080;2175672;1892920;163728
741;2020-07-05;21:05:14;6;1.57;14.45;3676556;2160424;3718916;1486080;2176664;1893872;163744
742;2020-07-05;21:05:19;3;1.57;14.45;3674624;2162328;3720848;1486080;2176692;1893888;163752
743;2020-07-05;21:05:24;1;1.58;14.46;3675528;2160736;3719720;1486080;2177380;1894568;163760
744;2020-07-05;21:05:29;1;1.58;14.52;3676612;2158348;3718828;1486080;2178684;1895816;163768
745;2020-07-05;21:05:35;5;1.58;14.51;3676328;2158624;3719120;1486080;2178692;1895816;163776
746;2020-07-05;21:05:40;1;1.58;14.51;3675968;2158960;3719464;1486080;2178716;1895832;163784
747;2020-07-05;21:05:45;0;1.59;14.51;3676472;2158420;3718972;1486080;2178752;1895824;163824
748;2020-07-05;21:05:50;7;1.59;14.53;3677080;2157380;3718352;1486080;2179184;1896236;163832
749;2020-07-05;21:05:55;0;1.59;14.54;3676836;2157624;3718600;1486080;2179184;1896228;163840
750;2020-07-05;21:06:00;6;1.6;14.62;3681896;2150712;3713504;1486080;2181036;1898016;163856
751;2020-07-05;21:06:05;4;1.6;14.69;3684564;2145936;3710820;1486080;2183144;1900056;163864
752;2020-07-05;21:06:10;2;1.6;14.69;3683656;2146824;3711716;1486080;2183164;1900064;163872
753;2020-07-05;21:06:15;1;1.61;14.69;3682756;2147724;3712628;1486080;2183164;1900056;163880
754;2020-07-05;21:06:20;6;1.61;14.71;3681480;2148048;3713436;1486080;2184116;1900988;163896
755;2020-07-05;21:06:25;1;1.61;14.78;3679988;2147820;3715348;1486080;2185836;1902644;163904
756;2020-07-05;21:06:30;1;1.62;14.77;3680016;2147768;3715320;1486080;2185860;1902656;163912
757;2020-07-05;21:06:35;5;1.62;14.77;3679572;2148212;3715776;1486080;2185860;1902648;163920
758;2020-07-05;21:06:41;0;1.62;14.77;3682760;2144992;3712576;1486080;2185892;1902668;163928
759;2020-07-05;21:06:46;7;1.63;14.83;3683420;2142948;3711968;1486080;2187276;1904024;163936
760;2020-07-05;21:06:51;5;1.63;14.86;3677524;2147672;3717784;1486080;2188448;1905148;163944
761;2020-07-05;21:06:56;5;1.63;14.87;3644028;2181156;3751280;1486080;2188460;1905152;163952
762;2020-07-05;21:07:01;3;1.63;14.87;3645440;2179716;3749852;1486080;2188488;1905172;163960
763;2020-07-05;21:07:06;6;1.64;14.87;3646984;2177916;3748328;1486080;2188744;1905412;163968
764;2020-07-05;21:07:11;2;1.64;14.94;3647476;2175704;3747804;1486080;2190464;1907088;163968
765;2020-07-05;21:07:16;1;1.64;14.93;3647824;2175344;3747452;1486080;2190476;1907084;163984
766;2020-07-05;21:07:21;0;1.65;14.93;3647752;2175392;3747536;1486080;2190500;1907092;164000
767;2020-07-05;21:07:26;2;1.65;14.93;3648156;2174968;3747120;1486080;2190520;1907112;164000
768;2020-07-05;21:07:31;1;1.65;15.02;3649344;2171244;3745912;1486080;2193056;1909564;164024
769;2020-07-05;21:07:36;2;1.66;15.02;3649288;2171292;3745972;1486080;2193064;1909572;164024
770;2020-07-05;21:07:41;6;1.66;15.02;3649728;2170832;3745520;1486080;2193084;1909572;164040
771;2020-07-05;21:07:46;0;1.66;15.01;3649316;2171244;3745940;1486080;2193084;1909572;164040
772;2020-07-05;21:07:52;2;1.67;15.01;3642188;2178356;3753064;1486080;2193100;1909568;164056
773;2020-07-05;21:07:57;2;1.67;15.1;3647144;2171156;3748080;1486080;2195344;1911756;164056
774;2020-07-05;21:08:02;4;1.67;15.1;3645892;2172376;3749332;1486080;2195376;1911772;164072
775;2020-07-05;21:08:07;2;1.68;15.1;3645716;2172552;3749516;1486080;2195376;1911772;164072
776;2020-07-05;21:08:12;3;1.68;15.09;3646348;2171904;3748872;1486080;2195392;1911772;164088
777;2020-07-05;21:08:17;5;1.68;15.15;3647752;2168964;3747460;1486080;2196928;1913268;164088
778;2020-07-05;21:08:22;3;1.68;15.14;3649004;2167692;3746200;1486080;2196948;1913272;164104
779;2020-07-05;21:08:27;4;1.69;15.23;3651708;2162644;3743476;1486080;2199292;1915560;164104
780;2020-07-05;21:08:32;5;1.69;15.23;3652960;2161352;3742220;1486080;2199332;1915564;164136
781;2020-07-05;21:08:37;5;1.69;15.3;3654888;2157560;3740224;1486080;2201196;1917380;164136
782;2020-07-05;21:08:42;1;1.7;15.3;3655100;2157320;3740036;1486080;2201224;1917392;164152
783;2020-07-05;21:08:47;3;1.7;15.37;3658440;2152148;3736660;1486080;2203056;1919168;164160
784;2020-07-05;21:08:53;2;1.7;15.36;3656528;2154048;3738604;1486080;2203068;1919172;164168
785;2020-07-05;21:08:58;0;1.71;15.36;3656264;2154300;3738856;1486080;2203080;1919184;164168
786;2020-07-05;21:09:03;6;1.71;15.45;3659940;2148132;3735152;1486080;2205572;1921596;164184
787;2020-07-05;21:09:08;2;1.71;15.45;3660944;2147120;3734156;1486080;2205580;1921596;164192
788;2020-07-05;21:09:13;7;1.72;15.45;3661312;2146736;3733780;1486080;2205596;1921596;164208
789;2020-07-05;21:09:18;7;1.72;15.45;3667176;2140872;3727924;1486080;2205596;1921596;164208
790;2020-07-05;21:09:23;0;1.72;15.53;3669676;2136316;3725384;1486080;2207652;1923588;164224
791;2020-07-05;21:09:28;4;1.73;15.53;3671380;2134432;3723692;1486080;2207832;1923756;164232
792;2020-07-05;21:09:33;0;1.73;15.53;3671800;2134000;3723272;1486080;2207844;1923760;164240
793;2020-07-05;21:09:38;7;1.73;15.6;3673528;2130336;3721520;1486080;2209780;1925644;164248
794;2020-07-05;21:09:43;0;1.74;15.59;3674116;2129740;3720932;1486080;2209788;1925644;164256
795;2020-07-05;21:09:48;1;1.74;15.59;3673996;2129860;3721052;1486080;2209788;1925644;164256
796;2020-07-05;21:09:53;7;1.74;15.59;3675836;2127996;3719208;1486080;2209812;1925652;164272
797;2020-07-05;21:09:59;3;1.74;15.59;3675524;2128292;3719524;1486080;2209828;1925664;164272
798;2020-07-05;21:10:04;4;1.75;15.59;3675072;2128704;3719972;1486080;2209868;1925688;164288
799;2020-07-05;21:10:09;7;1.75;15.65;3676028;2126364;3718996;1486080;2211252;1927024;164296
800;2020-07-05;21:10:14;6;1.75;15.67;3678956;2123088;3715948;1486080;2211600;1927364;164304
801;2020-07-05;21:10:19;2;1.76;15.78;3685464;2113560;3709108;1486080;2214620;1930252;164368
802;2020-07-05;21:10:24;4;1.76;15.92;3689612;2105828;3705328;1486080;2218204;1933724;164376
803;2020-07-05;21:10:29;2;1.76;15.96;3690764;2103356;3704156;1486080;2219524;1935000;164384
804;2020-07-05;21:10:34;2;1.77;16.04;3691876;2100088;3703000;1486080;2221680;1937088;164392
805;2020-07-05;21:10:39;6;1.77;16.05;3658356;2133304;3736512;1486080;2221984;1937348;164400
806;2020-07-05;21:10:44;4;1.77;16.12;3659348;2130452;3735504;1486080;2223844;1939148;164416
807;2020-07-05;21:10:49;3;1.78;16.19;3663720;2124016;3731052;1486080;2225908;1941152;164424
808;2020-07-05;21:10:54;2;1.78;16.28;3668380;2117088;3726172;1486080;2228176;1943372;164432
809;2020-07-05;21:10:59;5;1.78;16.28;3667336;2118188;3727464;1486080;2228120;1943296;164440
810;2020-07-05;21:11:05;0;1.79;16.32;3668056;2116400;3726728;1486080;2229188;1944324;164448
811;2020-07-05;21:11:10;3;1.79;16.35;3670504;2113060;3724264;1486080;2230080;1945188;164456
812;2020-07-05;21:11:15;2;1.79;16.34;3668940;2114624;3725836;1486080;2230080;1945180;164464
813;2020-07-05;21:11:20;5;1.79;16.41;3670452;2110664;3724288;1486080;2232528;1947560;164480
814;2020-07-05;21:11:25;6;1.8;16.41;3671292;2110036;3723456;1486080;2232316;1947340;164488
815;2020-07-05;21:11:30;2;1.8;16.46;3672248;2107660;3722312;1486080;2233736;1948724;164496
816;2020-07-05;21:11:35;5;1.8;16.49;3658256;2120940;3736468;1486080;2234448;1949396;164512
817;2020-07-05;21:11:40;2;1.81;16.48;3645156;2134020;3749556;1486080;2234468;1949404;164520
818;2020-07-05;21:11:45;1;1.81;16.48;3645804;2133372;3748916;1486080;2234468;1949396;164528
819;2020-07-05;21:11:50;7;1.81;16.48;3646260;2132900;3748452;1486080;2234484;1949404;164536
820;2020-07-05;21:11:55;4;1.81;16.5;3649456;2129160;3745232;1486080;2235028;1949924;164544
821;2020-07-05;21:12:00;0;1.82;16.56;3650536;2126484;3744124;1486080;2236624;1951472;164552
822;2020-07-05;21:12:05;4;1.82;16.59;3652852;2123128;3741808;1486080;2237664;1952480;164560
823;2020-07-05;21:12:10;1;1.82;16.63;3651768;2123204;3742892;1486080;2238672;1953452;164568
824;2020-07-05;21:12:16;7;1.83;16.69;3654132;2119040;3740344;1486080;2240472;1955200;164576
825;2020-07-05;21:12:21;5;1.83;16.69;3654360;2118876;3740276;1486080;2240408;1955124;164584
826;2020-07-05;21:12:26;4;1.83;16.74;3656628;2115020;3737992;1486080;2241996;1956668;164592
827;2020-07-05;21:12:31;4;1.84;16.76;3656760;2114524;3737848;1486080;2242360;1957000;164608
828;2020-07-05;21:12:36;1;1.84;16.75;3656608;2114676;3738012;1486080;2242360;1956992;164616
829;2020-07-05;21:12:41;2;1.84;16.79;3652704;2117340;3741660;1486080;2243600;1958204;164624
830;2020-07-05;21:12:46;3;1.85;16.82;3654536;2114828;3740060;1486080;2244280;1958848;164632
831;2020-07-05;21:12:51;4;1.85;16.83;3657576;2111496;3736984;1486080;2244572;1959116;164648
832;2020-07-05;21:12:56;6;1.85;16.89;3657496;2109692;3737076;1486080;2246456;1960936;164660
833;2020-07-05;21:13:01;3;1.85;16.93;3660724;2105396;3733800;1486080;2247524;1961968;164668
834;2020-07-05;21:13:06;1;1.86;17.03;3663288;2100224;3731228;1486080;2250132;1964492;164684
835;2020-07-05;21:13:11;1;1.86;17.02;3661396;2102100;3733104;1486080;2250148;1964496;164700
836;2020-07-05;21:13:16;2;1.86;17.09;3663132;2098544;3731320;1486080;2251968;1966260;164700
837;2020-07-05;21:13:22;3;1.87;17.09;3664076;2097568;3730400;1486080;2252000;1966276;164716
838;2020-07-05;21:13:27;6;1.87;17.09;3663340;2098292;3731148;1486080;2252012;1966288;164716
839;2020-07-05;21:13:32;4;1.87;17.17;3666356;2092828;3728096;1486080;2254460;1968664;164732
840;2020-07-05;21:13:37;7;1.88;17.17;3666072;2093104;3728384;1486080;2254468;1968664;164740
841;2020-07-05;21:13:42;1;1.88;17.17;3666588;2092588;3727872;1486080;2254468;1968656;164748
842;2020-07-05;21:13:47;4;1.88;17.17;3667332;2091836;3727128;1486080;2254476;1968656;164756
843;2020-07-05;21:13:52;3;1.88;17.23;3668472;2088788;3725960;1486080;2256384;1970496;164772
844;2020-07-05;21:13:57;2;1.89;17.31;3672548;2082588;3721864;1486080;2258508;1972564;164772
845;2020-07-05;21:14:02;0;1.89;17.31;3684288;2070804;3710104;1486080;2258552;1972584;164792
846;2020-07-05;21:14:07;6;1.89;17.3;3675348;2079724;3719052;1486080;2258572;1972596;164800
847;2020-07-05;21:14:12;2;1.9;17.3;3675164;2079892;3719224;1486080;2258588;1972596;164816
848;2020-07-05;21:14:17;6;1.9;17.3;3681760;2073296;3712644;1486080;2258588;1972596;164816
849;2020-07-05;21:14:22;0;1.9;17.29;3682428;2072608;3711968;1486080;2258608;1972600;164832
850;2020-07-05;21:14:27;5;1.91;17.3;3681036;2073996;3713368;1486080;2258612;1972600;164836
851;2020-07-05;21:14:33;6;1.91;17.48;3687000;2063496;3707348;1486080;2263148;1976992;164868
852;2020-07-05;21:14:38;5;1.91;17.5;3688124;2062328;3706200;1486080;2263192;1977368;164876
853;2020-07-05;21:14:43;7;1.92;17.59;3690520;2057088;3703792;1486080;2266036;1979780;164892
854;2020-07-05;21:14:48;0;1.92;17.58;3690544;2057060;3703768;1486080;2266040;1979772;164900
855;2020-07-05;21:14:53;3;1.92;17.58;3690228;2057280;3704084;1486080;2266136;1979860;164908
856;2020-07-05;21:14:58;0;1.92;17.58;3689856;2057644;3704456;1486080;2266144;1979860;164916
857;2020-07-05;21:15:03;1;1.93;17.57;3687112;2060376;3707200;1486080;2266156;1979864;164924
858;2020-07-05;21:15:08;7;1.93;17.57;3686032;2061444;3708280;1486080;2266168;1979876;164924
859;2020-07-05;21:15:13;6;1.93;17.57;3686200;2061260;3708112;1486080;2266184;1979876;164940
860;2020-07-05;21:15:18;4;1.94;17.63;3689440;2056252;3704828;1486080;2267952;1981604;164940
861;2020-07-05;21:15:23;1;1.94;17.63;3690584;2055072;3703708;1486080;2267988;1981620;164956
862;2020-07-05;21:15:28;4;1.94;17.71;3693248;2050244;3700996;1486080;2270152;1983720;164964
863;2020-07-05;21:15:33;5;1.95;17.7;3691280;2052180;3702968;1486080;2270184;1983744;164972
864;2020-07-05;21:15:39;5;1.95;17.72;3694420;2048420;3699668;1486080;2270804;1984352;164976
865;2020-07-05;21:15:44;3;1.95;17.76;3694476;2047500;3699768;1486080;2271668;1985172;164992
866;2020-07-05;21:15:49;6;1.95;17.75;3693624;2048352;3700620;1486080;2271668;1985164;165000
867;2020-07-05;21:15:54;5;1.96;17.75;3695408;2046548;3698836;1486080;2271688;1985176;165008
868;2020-07-05;21:15:59;6;1.96;17.84;3691580;2048072;3702636;1486080;2273992;1987420;165008
869;2020-07-05;21:16:04;1;1.96;17.83;3660880;2078732;3733324;1486080;2274032;1987440;165024
870;2020-07-05;21:16:09;7;1.97;17.9;3659216;2078524;3734976;1486080;2275904;1989268;165024
871;2020-07-05;21:16:14;4;1.97;17.9;3660260;2077464;3733928;1486080;2275920;1989268;165040
872;2020-07-05;21:16:19;2;1.97;17.91;3663008;2073728;3731148;1486080;2276908;1990236;165040
873;2020-07-05;21:16:24;2;1.98;17.98;3663896;2071200;3730244;1486080;2278548;1991796;165072
874;2020-07-05;21:16:29;4;1.98;17.97;3659880;2075216;3734276;1486080;2278548;1991796;165072
875;2020-07-05;21:16:34;6;1.98;17.97;3659588;2075488;3734568;1486080;2278568;1991800;165088
876;2020-07-05;21:16:39;0;1.98;18.04;3661960;2071188;3732164;1486080;2280496;1993672;165096
877;2020-07-05;21:16:44;1;1.99;18.04;3661832;2071308;3732300;1486080;2280504;1993672;165104
878;2020-07-05;21:16:50;2;1.99;18.04;3661412;2071708;3732708;1486080;2280524;1993684;165112
879;2020-07-05;21:16:55;1;1.99;18.03;3661804;2071316;3732320;1486080;2280524;1993676;165120
880;2020-07-05;21:17:00;3;2;18.12;3655716;2074924;3738364;1486080;2283004;1996092;165120
881;2020-07-05;21:17:05;1;2;18.12;3656440;2074180;3737640;1486080;2283024;1996096;165136
882;2020-07-05;21:17:10;2;2;18.12;3660524;2070080;3733560;1486080;2283040;1996104;165144
883;2020-07-05;21:17:15;2;2;18.18;3658520;2070252;3735548;1486080;2284872;1997880;165152
884;2020-07-05;21:17:20;1;2.01;18.18;3658064;2070676;3735980;1486080;2284904;1997904;165160
885;2020-07-05;21:17:25;5;2.01;18.18;3658260;2070480;3735808;1486080;2284904;1997896;165168
886;2020-07-05;21:17:30;4;2.01;18.17;3658420;2070300;3735640;1486080;2284924;1997908;165176
887;2020-07-05;21:17:35;6;2.02;18.17;3657904;2070804;3736152;1486080;2284936;1997912;165184
888;2020-07-05;21:17:40;5;2.02;18.26;3660172;2066584;3733864;1486080;2286888;1999808;165192
889;2020-07-05;21:17:45;6;2.02;18.26;3660760;2065996;3733284;1486080;2286888;1999800;165200
890;2020-07-05;21:17:50;3;2.03;18.42;3667784;2054856;3726196;1486080;2291004;2003808;165208
891;2020-07-05;21:17:56;4;2.03;18.49;3670800;2050136;3723156;1486080;2292708;2005440;165236
892;2020-07-05;21:18:01;6;2.03;18.49;3673284;2047612;3720676;1486080;2292748;2005472;165244
893;2020-07-05;21:18:06;1;2.03;18.57;3673740;2044660;3720196;1486080;2295244;2007900;165252
894;2020-07-05;21:18:11;5;2.04;18.57;3673440;2044944;3720496;1486080;2295260;2007908;165260
895;2020-07-05;21:18:16;5;2.04;18.57;3674112;2044272;3719836;1486080;2295260;2007900;165268
896;2020-07-05;21:18:21;3;2.04;18.56;3674776;2043584;3719148;1486080;2295284;2007912;165276
897;2020-07-05;21:18:26;3;2.05;18.56;3674700;2043660;3719244;1486080;2295284;2007904;165284
898;2020-07-05;21:18:31;4;2.05;18.65;3676788;2039176;3717076;1486080;2297680;2010236;165292
899;2020-07-05;21:18:36;4;2.05;18.66;3676140;2039804;3717764;1486080;2297700;2010240;165308
900;2020-07-05;21:18:41;2;2.05;18.65;3677084;2038840;3716832;1486080;2297720;2010252;165316
901;2020-07-05;21:18:46;2;2.06;18.65;3677096;2038820;3716820;1486080;2297728;2010252;165324
902;2020-07-05;21:18:51;4;2.06;18.65;3677140;2038760;3716764;1486080;2297744;2010260;165332
903;2020-07-05;21:18:56;7;2.06;18.64;3676832;2039060;3717088;1486080;2297752;2010260;165340
904;2020-07-05;21:19:02;3;2.07;18.64;3677104;2038776;3716800;1486080;2297764;2010264;165348
905;2020-07-05;21:19:07;0;2.07;18.73;3674912;2038468;3718952;1486080;2300264;2012684;165364
906;2020-07-05;21:19:12;5;2.07;18.73;3674292;2039068;3719584;1486080;2300284;2012696;165372
907;2020-07-05;21:19:17;0;2.08;18.72;3681152;2032216;3712732;1486080;2300276;2012688;165372
908;2020-07-05;21:19:22;5;2.08;18.72;3682552;2030784;3711312;1486080;2300308;2012704;165388
909;2020-07-05;21:19:27;7;2.08;18.72;3682796;2030540;3711088;1486080;2300308;2012704;165388
910;2020-07-05;21:19:32;7;2.08;18.72;3682832;2030484;3711044;1486080;2300328;2012708;165404
911;2020-07-05;21:19:37;3;2.09;18.79;3685936;2025336;3707840;1486080;2302372;2014704;165404
912;2020-07-05;21:19:42;6;2.09;18.79;3685816;2025428;3708036;1486080;2302400;2014712;165424
913;2020-07-05;21:19:47;7;2.09;18.79;3685112;2026124;3708740;1486080;2302408;2014712;165432
914;2020-07-05;21:19:52;2;2.1;18.86;3689508;2019608;3704300;1486080;2304528;2016764;165440
915;2020-07-05;21:19:57;7;2.1;18.86;3690080;2019036;3703756;1486080;2304528;2016764;165440
916;2020-07-05;21:20:03;5;2.1;18.91;3691468;2016188;3702344;1486080;2305988;2018172;165456
917;2020-07-05;21:20:08;0;2.11;18.9;3691548;2016096;3702252;1486080;2306000;2018176;165464
918;2020-07-05;21:20:13;7;2.11;18.9;3690592;2017036;3703212;1486080;2306016;2018184;165472
919;2020-07-05;21:20:18;7;2.11;18.98;3692936;2012860;3700824;1486080;2307848;2019976;165472
920;2020-07-05;21:20:23;0;2.11;18.99;3694388;2010652;3699376;1486080;2308604;2020664;165488
921;2020-07-05;21:20:28;4;2.12;18.99;3692284;2012756;3701488;1486080;2308604;2020664;165488
922;2020-07-05;21:20:33;0;2.12;18.98;3691452;2013552;3702304;1486080;2308640;2020684;165504
923;2020-07-05;21:20:38;7;2.12;18.98;3691416;2013576;3702340;1486080;2308652;2020696;165504
924;2020-07-05;21:20:43;4;2.13;18.98;3693104;2011876;3700660;1486080;2308664;2020692;165520
925;2020-07-05;21:20:48;2;2.13;19;3695808;2008628;3697940;1486080;2309208;2021220;165520
926;2020-07-05;21:20:53;5;2.13;19.05;3694312;2008732;3699428;1486080;2310600;2022556;165544
927;2020-07-05;21:20:58;5;2.13;19.09;3697536;2004948;3696172;1486080;2311160;2023092;165552
928;2020-07-05;21:21:03;4;2.14;19.14;3694384;2006484;3699336;1486080;2312776;2024660;165560
929;2020-07-05;21:21:09;3;2.14;19.28;3662652;2034508;3731012;1486080;2316484;2028264;165568
930;2020-07-05;21:21:14;2;2.14;19.27;3660112;2037036;3733556;1486080;2316496;2028264;165576
931;2020-07-05;21:21:19;6;2.15;19.27;3658308;2038368;3735316;1486080;2316968;2028724;165576
932;2020-07-05;21:21:24;4;2.15;19.32;3659348;2036388;3734420;1486080;2317908;2029620;165600
933;2020-07-05;21:21:29;5;2.15;19.34;3659640;2035184;3733996;1486080;2318820;2030496;165608
934;2020-07-05;21:21:34;4;2.16;19.34;3659264;2035548;3734376;1486080;2318832;2030500;165616
935;2020-07-05;21:21:39;2;2.16;19.34;3660200;2034596;3733436;1486080;2318848;2030512;165616
936;2020-07-05;21:21:44;4;2.16;19.33;3658340;2036440;3735296;1486080;2318864;2030512;165632
937;2020-07-05;21:21:49;6;2.16;19.41;3659648;2033032;3733940;1486080;2320964;2032548;165640
938;2020-07-05;21:21:54;0;2.17;19.4;3661664;2031004;3731944;1486080;2320976;2032544;165656
939;2020-07-05;21:21:59;0;2.17;19.4;3662004;2030644;3731592;1486080;2320996;2032556;165664
940;2020-07-05;21:22:04;5;2.17;19.44;3659000;2032324;3734592;1486080;2322320;2033840;165672
941;2020-07-05;21:22:09;3;2.18;19.48;3651492;2038808;3742080;1486080;2323344;2034832;165680
942;2020-07-05;21:22:14;2;2.18;19.48;3652020;2038276;3741560;1486080;2323348;2034824;165688
943;2020-07-05;21:22:20;2;2.18;19.47;3651728;2038560;3741844;1486080;2323356;2034832;165688
944;2020-07-05;21:22:25;6;2.18;19.49;3653660;2036088;3739912;1486080;2323896;2035340;165704
945;2020-07-05;21:22:30;2;2.19;19.54;3654052;2034116;3739488;1486080;2325476;2036872;165712
946;2020-07-05;21:22:35;5;2.19;19.55;3655848;2032268;3737696;1486080;2325528;2036916;165720
947;2020-07-05;21:22:40;4;2.19;19.55;3654332;2033768;3739216;1486080;2325544;2036920;165728
948;2020-07-05;21:22:45;4;2.2;19.54;3653796;2034288;3739752;1486080;2325560;2036928;165736
949;2020-07-05;21:22:50;1;2.2;19.55;3657128;2030672;3736404;1486080;2325844;2037196;165744
950;2020-07-05;21:22:55;3;2.2;19.63;3656832;2028788;3736684;1486080;2328024;2039296;165768
951;2020-07-05;21:23:00;5;2.2;19.63;3657140;2028452;3736356;1486080;2328052;2039316;165776
952;2020-07-05;21:23:05;5;2.21;19.62;3655820;2029764;3737684;1486080;2328060;2039316;165784
953;2020-07-05;21:23:10;3;2.21;19.64;3657432;2027608;3736060;1486080;2328604;2039840;165792
954;2020-07-05;21:23:15;5;2.21;19.68;3650112;2033752;3743380;1486080;2329780;2040980;165800
955;2020-07-05;21:23:21;0;2.22;19.7;3654160;2029152;3739316;1486080;2330332;2041516;165800
956;2020-07-05;21:23:26;4;2.22;19.76;3655684;2025968;3737780;1486080;2331992;2043100;165832
957;2020-07-05;21:23:31;2;2.22;19.75;3654804;2026828;3738652;1486080;2332012;2043112;165840
958;2020-07-05;21:23:36;2;2.22;19.83;3658872;2020680;3734568;1486080;2334092;2045136;165848
959;2020-07-05;21:23:41;4;2.23;19.83;3658216;2021320;3735216;1486080;2334108;2045144;165856
960;2020-07-05;21:23:46;0;2.23;19.82;3658748;2020788;3734696;1486080;2334108;2045136;165864
961;2020-07-05;21:23:51;2;2.23;19.82;3658860;2020664;3734576;1486080;2334120;2045140;165872
962;2020-07-05;21:23:56;6;2.24;19.83;3662228;2016756;3731168;1486080;2334660;2045656;165880
963;2020-07-05;21:24:01;3;2.24;19.89;3659452;2018052;3733940;1486080;2336140;2047092;165888
964;2020-07-05;21:24:06;6;2.24;19.88;3658844;2018656;3734572;1486080;2336144;2047088;165896
965;2020-07-05;21:24:11;4;2.24;19.88;3657684;2019800;3735724;1486080;2336160;2047096;165904
966;2020-07-05;21:24:16;1;2.25;19.9;3659928;2016772;3733480;1486080;2336944;2047856;165912
967;2020-07-05;21:24:21;6;2.25;19.95;3657232;2018156;3736152;1486080;2338256;2049128;165920
968;2020-07-05;21:24:27;4;2.25;19.94;3659004;2016384;3734388;1486080;2338256;2049120;165928
969;2020-07-05;21:24:32;7;2.26;19.94;3658944;2016424;3734440;1486080;2338276;2049132;165936
970;2020-07-05;21:24:37;3;2.26;19.94;3659740;2015616;3733652;1486080;2338288;2049136;165944
971;2020-07-05;21:24:42;6;2.26;19.95;3661508;2013536;3731872;1486080;2338600;2049428;165952
972;2020-07-05;21:24:47;3;2.26;19.95;3661752;2013292;3731628;1486080;2338600;2049420;165960
973;2020-07-05;21:24:52;2;2.27;20.07;3667540;2004732;3725812;1486080;2341372;2052108;165976
974;2020-07-05;21:24:57;1;2.27;20.1;3668776;2002436;3724564;1486080;2342432;2053132;165984
975;2020-07-05;21:25:02;7;2.27;20.11;3669404;2001792;3723928;1486080;2342448;2053132;166000
976;2020-07-05;21:25:07;1;2.28;20.11;3670700;2000224;3722596;1486080;2342720;2053400;166000
977;2020-07-05;21:25:12;2;2.28;20.18;3670604;1998452;3722704;1486080;2344588;2055208;166016
978;2020-07-05;21:25:17;3;2.28;20.17;3662660;2006392;3730652;1486080;2344592;2055208;166016
979;2020-07-05;21:25:22;1;2.29;20.18;3658572;2010184;3734736;1486080;2344888;2055480;166032
980;2020-07-05;21:25:27;4;2.29;20.25;3660536;2006260;3732748;1486080;2346848;2057392;166032
981;2020-07-05;21:25:33;6;2.29;20.25;3672096;1994668;3721176;1486080;2346880;2057408;166048
982;2020-07-05;21:25:38;0;2.29;20.24;3665272;2001504;3728012;1486080;2346868;2057396;166048
983;2020-07-05;21:25:43;0;2.3;20.25;3659820;2006684;3733452;1486080;2347140;2057644;166064
984;2020-07-05;21:25:48;7;2.3;20.31;3657732;2007104;3735528;1486080;2348808;2059268;166064
985;2020-07-05;21:25:53;0;2.3;20.31;3658684;2006136;3734572;1486080;2348824;2059264;166080
986;2020-07-05;21:25:58;4;2.3;20.3;3658976;2005832;3734280;1486080;2348836;2059276;166080
987;2020-07-05;21:26:03;4;2.31;20.3;3661644;2003132;3731608;1486080;2348868;2059292;166096
988;2020-07-05;21:26:08;6;2.31;20.39;3662364;1999988;3730856;1486080;2351292;2061652;166096
989;2020-07-05;21:26:13;1;2.31;20.38;3663020;1999312;3730192;1486080;2351312;2061652;166112
990;2020-07-05;21:26:18;2;2.32;20.39;3666136;1995732;3727048;1486080;2351776;2062112;166112
991;2020-07-05;21:26:23;7;2.32;20.47;3661880;1997696;3731300;1486080;2354068;2064308;166144
992;2020-07-05;21:26:28;0;2.32;20.47;3654552;2005024;3738636;1486080;2354068;2064308;166144
993;2020-07-05;21:26:33;6;2.32;20.47;3655096;2004460;3738092;1486080;2354088;2064312;166160
994;2020-07-05;21:26:39;6;2.33;20.46;3655968;2003588;3737220;1486080;2354088;2064312;166160
995;2020-07-05;21:26:44;1;2.33;20.46;3659396;2000128;3733792;1486080;2354120;2064328;166176
996;2020-07-05;21:26:49;7;2.33;20.53;3659872;1997636;3733284;1486080;2356136;2066288;166184
997;2020-07-05;21:26:54;7;2.34;20.53;3659688;1997804;3733468;1486080;2356152;2066296;166192
998;2020-07-05;21:26:59;2;2.34;20.52;3659724;1997760;3733440;1486080;2356160;2066292;166200
999;2020-07-05;21:27:04;5;2.34;20.52;3660408;1997060;3732756;1486080;2356176;2066300;166208
1000;2020-07-05;21:27:09;7;2.34;20.6;3663520;1991812;3729508;1486080;2358312;2068452;166208
1001;2020-07-05;21:27:14;1;2.35;20.59;3664476;1990768;3728652;1486080;2358400;2068452;166224
1002;2020-07-05;21:27:19;7;2.35;20.59;3664936;1990284;3728188;1486080;2358424;2068476;166224
1003;2020-07-05;21:27:24;2;2.35;20.59;3663220;1991980;3729908;1486080;2358444;2068480;166240
1004;2020-07-05;21:27:29;0;2.36;20.6;3662616;1992304;3730504;1486080;2358724;2068748;166248
1005;2020-07-05;21:27:34;2;2.36;20.67;3664240;1988736;3728868;1486080;2360668;2070632;166256
1006;2020-07-05;21:27:39;0;2.36;20.66;3662728;1990244;3730376;1486080;2360672;2070632;166256
1007;2020-07-05;21:27:45;3;2.36;20.66;3662764;1990188;3730340;1486080;2360692;2070632;166272
1008;2020-07-05;21:27:50;1;2.37;20.65;3662536;1990416;3730568;1486080;2360692;2070632;166272
1009;2020-07-05;21:27:55;3;2.37;20.65;3663536;1989396;3729568;1486080;2360712;2070636;166288
1010;2020-07-05;21:28:00;1;2.37;20.65;3665588;1987300;3727488;1486080;2360756;2070680;166288
1011;2020-07-05;21:28:05;7;2.38;20.74;3665724;1984700;3727332;1486080;2363220;2073052;166320
1012;2020-07-05;21:28:10;1;2.38;20.73;3666896;1983520;3726168;1486080;2363228;2073060;166320
1013;2020-07-05;21:28:15;4;2.38;20.73;3668052;1982356;3725020;1486080;2363236;2073052;166336
1014;2020-07-05;21:28:20;6;2.38;20.73;3667844;1982552;3725216;1486080;2363248;2073064;166336
1015;2020-07-05;21:28:25;2;2.39;20.73;3667672;1982704;3725388;1486080;2363268;2073068;166352
1016;2020-07-05;21:28:30;7;2.39;20.72;3668416;1981940;3724640;1486080;2363288;2073080;166360
1017;2020-07-05;21:28:35;0;2.39;20.72;3669312;1981044;3723760;1486080;2363288;2073072;166368
1018;2020-07-05;21:28:40;7;2.4;20.79;3670596;1977948;3722444;1486080;2365100;2074820;166384
1019;2020-07-05;21:28:45;0;2.4;20.79;3669316;1979220;3723724;1486080;2365108;2074812;166400
1020;2020-07-05;21:28:51;5;2.4;20.9;3675212;1970392;3717792;1486080;2368040;2077660;166408
1021;2020-07-05;21:28:56;4;2.4;20.9;3675060;1970528;3717932;1486080;2368056;2077668;166416
1022;2020-07-05;21:29:01;7;2.41;20.89;3675404;1970152;3717588;1486080;2368088;2077688;166424
1023;2020-07-05;21:29:06;1;2.41;20.89;3675908;1969656;3717100;1486080;2368080;2077672;166432
1024;2020-07-05;21:29:11;3;2.41;20.89;3675608;1969940;3717388;1486080;2368096;2077680;166440
1025;2020-07-05;21:29:16;7;2.42;20.88;3683256;1962288;3709752;1486080;2368100;2077676;166448
1026;2020-07-05;21:29:21;5;2.42;20.97;3686148;1957244;3706816;1486080;2370252;2079768;166456
1027;2020-07-05;21:29:26;2;2.42;20.97;3687672;1955696;3705308;1486080;2370276;2079776;166464
1028;2020-07-05;21:29:31;4;2.42;20.97;3687588;1955772;3705392;1486080;2370284;2079776;166472
1029;2020-07-05;21:29:36;2;2.43;21.01;3689344;1952700;3703612;1486080;2371600;2081048;166480
1030;2020-07-05;21:29:41;0;2.43;21.03;3692468;1948776;3700484;1486080;2372400;2081820;166488
1031;2020-07-05;21:29:46;1;2.43;21.1;3694352;1944996;3698564;1486080;2374296;2083660;166496
1032;2020-07-05;21:29:51;7;2.44;21.1;3689228;1950108;3703696;1486080;2374308;2083664;166504
1033;2020-07-05;21:29:57;5;2.44;21.16;3691824;1945660;3701072;1486080;2376160;2085448;166520
1034;2020-07-05;21:30:02;2;2.44;21.17;3692436;1945028;3700464;1486080;2376180;2085460;166528
1035;2020-07-05;21:30:07;0;2.45;21.22;3695788;1940280;3697180;1486080;2377576;2086824;166536
1036;2020-07-05;21:30:12;2;2.45;21.25;3695016;1940064;3697856;1486080;2378564;2087772;166544
1037;2020-07-05;21:30:17;3;2.45;21.25;3695316;1939300;3697096;1486080;2379028;2088228;166552
1038;2020-07-05;21:30:22;0;2.45;21.27;3696316;1937972;3696536;1486080;2379356;2088536;166552
1039;2020-07-05;21:30:27;3;2.46;21.32;3696472;1936500;3696376;1486080;2380672;2089808;166568
1040;2020-07-05;21:30:32;7;2.46;21.31;3696724;1936236;3696128;1486080;2380684;2089808;166576
1041;2020-07-05;21:30:37;4;2.46;21.31;3696908;1936032;3695932;1486080;2380704;2089820;166584
1042;2020-07-05;21:30:42;2;2.46;21.34;3698464;1933968;3694380;1486080;2381212;2090644;166592
1043;2020-07-05;21:30:47;1;2.47;21.41;3698484;1931460;3694328;1486080;2383700;2092720;166600
1044;2020-07-05;21:30:52;3;2.47;21.41;3699480;1930444;3693324;1486080;2383720;2092724;166616
1045;2020-07-05;21:30:57;3;2.47;21.4;3700212;1929696;3692588;1486080;2383736;2092740;166616
1046;2020-07-05;21:31:02;6;2.48;21.4;3698996;1930896;3693808;1486080;2383752;2092740;166632
1047;2020-07-05;21:31:08;6;2.48;21.4;3698208;1931684;3694604;1486080;2383752;2092740;166632
1048;2020-07-05;21:31:13;7;2.48;21.39;3697624;1932252;3695188;1486080;2383768;2092740;166648
1049;2020-07-05;21:31:18;3;2.48;21.39;3698968;1930456;3693840;1486080;2384220;2093188;166648
1050;2020-07-05;21:31:23;5;2.49;21.44;3701108;1926908;3691596;1485824;2385628;2094532;166672
1051;2020-07-05;21:31:28;2;2.49;21.47;3700964;1926524;3691816;1485824;2386156;2095024;166696
1052;2020-07-05;21:31:33;5;2.49;21.47;3701760;1925720;3691020;1485824;2386164;2095016;166712
1053;2020-07-05;21:31:38;1;2.5;21.93;3702100;1925248;3690632;1485824;2386296;2095024;166744
1054;2020-07-05;21:31:43;4;2.5;21.93;3702048;1925272;3690676;1485824;2386324;2095028;166764
1055;2020-07-05;21:31:48;4;2.5;21.92;3701788;1925532;3690944;1485824;2386324;2095028;166764
1056;2020-07-05;21:31:53;7;2.51;21.93;3702544;1924744;3690188;1485824;2386356;2095044;166780
1057;2020-07-05;21:31:58;1;2.51;21.93;3703372;1923900;3689364;1485824;2386372;2095060;166780
1058;2020-07-05;21:32:03;3;2.51;22.03;3703132;1921448;3689576;1485824;2389064;2097692;166796
1059;2020-07-05;21:32:08;4;2.51;22.1;3673796;1948808;3718796;1485824;2391040;2099544;166816
1060;2020-07-05;21:32:14;2;2.52;22.1;3673416;1949172;3719220;1485824;2391056;2099544;166832
1061;2020-07-05;21:32:19;4;2.52;22.09;3672640;1949984;3720012;1485824;2391020;2099540;166840
1062;2020-07-05;21:32:24;5;2.52;22.09;3672184;1950428;3720476;1485824;2391032;2099544;166848
1063;2020-07-05;21:32:29;1;2.53;22.11;3675700;1946372;3716916;1485824;2391572;2100064;166856
1064;2020-07-05;21:32:34;7;2.53;22.17;3675604;1944688;3717020;1485824;2393352;2101792;166864
1065;2020-07-05;21:32:39;3;2.53;22.17;3675396;1944888;3717236;1485824;2393360;2101788;166872
1066;2020-07-05;21:32:44;6;2.53;22.16;3675372;1944876;3717256;1485824;2393396;2101812;166880
1067;2020-07-05;21:32:49;5;2.54;22.16;3675200;1945040;3717424;1485824;2393404;2101812;166888
1068;2020-07-05;21:32:54;7;2.54;22.19;3677700;1941740;3714920;1485824;2394204;2102580;166896
1069;2020-07-05;21:32:59;3;2.54;22.23;3679220;1938888;3713384;1485824;2395536;2103880;166904
1070;2020-07-05;21:33:04;2;2.54;22.22;3672672;1945436;3719936;1485824;2395536;2103872;166912
1071;2020-07-05;21:33:09;1;2.55;22.27;3668524;1948012;3723996;1485824;2397108;2105408;166912
1072;2020-07-05;21:33:14;4;2.55;22.28;3669172;1947112;3723416;1485824;2397360;2105628;166936
1073;2020-07-05;21:33:20;3;2.55;22.31;3671712;1943688;3720736;1485824;2398244;2106500;166936
1074;2020-07-05;21:33:25;3;2.56;22.34;3671160;1943404;3721400;1485824;2399080;2107304;166952
1075;2020-07-05;21:33:30;1;2.56;22.35;3673692;1940348;3718864;1485824;2399604;2107816;166952
1076;2020-07-05;21:33:35;1;2.56;22.41;3673816;1938508;3718700;1485824;2401320;2109488;166968
1077;2020-07-05;21:33:40;2;2.56;22.41;3675232;1937088;3717308;1485824;2401324;2109492;166968
1078;2020-07-05;21:33:45;1;2.57;22.47;3677316;1933260;3715216;1485824;2403068;2111196;166984
1079;2020-07-05;21:33:50;7;2.57;22.47;3677332;1933108;3715176;1485824;2403204;2111300;166992
1080;2020-07-05;21:33:55;5;2.57;22.47;3678368;1932072;3714148;1485824;2403204;2111292;167000
